0,-2,-4,294.749,80.828,111.394,1442500
0,-4,3,245.788,308.393,244.302,1442501
-2,-2,1,230.757,162.923,84.111,1442502
3,3,3,116.058,341.014,359.819,1442503
1,-1,1,79.304,145.838,12.236,1442504
0,1,0,15.894,333.218,162.462,1442505
-1,-1,0,23.612,134.767,179.546,1442506
0,-1,1,195.933,246.702,319.735,1442507
3,-3,-2,227.515,329.584,177.579,1442508
-1,-3,-3,160.454,129.842,252.65,1442509
3,1,0,128.669,59.518,214.894,1442510
-1,3,-3,147.091,262.046,356.883,1442511
-4,-2,2,172.505,24.365,235.183,1442512
-3,1,-4,213.658,238.144,282.43,1442513
-3,0,1,254.952,59.517,288.398,1442514
-4,1,-4,258.55,261.886,158.173,1442515
1,-3,-1,66.1,69.117,307.157,1442516
-2,2,-2,11.097,304.648,331.635,1442517
-4,0,-4,108.054,105.702,356.784,1442518
-2,-3,0,78.053,322.713,208.66,1442519
-2,3,-2,129.154,135.306,27.968,1442520
0,-4,1,259.668,16.991,348.38,1442521
-3,-4,-2,63.399,40.652,184.895,1442522
-2,-4,-1,237.568,75.418,70.252,1442523
1,3,0,87.739,237.354,244.33,1442524
-1,3,-2,254.154,318.181,296.875,1442525
0,-2,0,145.353,156.946,260.278,1442526
-2,0,1,316.416,314.324,7.969,1442527
-4,0,-4,78.859,141.837,67.069,1442528
-4,-3,0,189.127,62.435,105.527,1442529
-3,-2,-2,276.166,245.907,356.211,1442530
3,-4,1,36.799,196.748,354.081,1442531
0,-3,-1,214.058,76.145,216.802,1442532
-2,1,-1,245.818,81.796,354.821,1442533
-1,3,2,171.572,262.796,256.017,1442534
-3,2,-1,217.521,272.611,20.75,1442535
3,-3,3,325.07,188.987,316.336,1442536
-1,-3,-3,325.862,55.171,190.778,1442537
-2,-4,-4,348.156,114.136,63.733,1442538
0,2,2,151.035,329.811,73.215,1442539
-2,-2,-1,253.975,25.297,289.617,1442540
-3,3,1,21.376,316.704,205.118,1442541
-4,-3,0,106.801,65.131,300.418,1442542
1,1,1,238.425,110.932,320.277,1442543
0,1,-1,325.333,293.828,195.73,1442544
2,-3,-1,199.827,297.194,272.439,1442545
-4,1,1,176.056,305.076,83.318,1442546
3,-1,1,332.172,201.873,87.209,1442547
2,-3,-2,49.984,234.759,91.946,1442548
0,1,0,127.346,254.165,122.431,1442549
-3,-2,-2,52.914,155.244,157.811,1442550
-3,1,2,153.119,149.051,223.39,1442551
-3,1,2,244.538,120.738,133.96,1442552
-2,3,-3,128.959,314.562,178.043,1442553
3,-1,0,16.272,206.575,217.392,1442554
1,-3,-1,266.501,109.663,142.195,1442555
-2,-1,2,257.231,24.025,107.81,1442556
3,-2,-3,271.965,182.324,223.681,1442557
-3,3,0,127.637,332.882,187.962,1442558
-3,-1,2,236.98,289.329,210.03,1442559
1,0,-4,14.717,317.547,19.718,1442560
-2,-2,3,14.929,129.006,111.107,1442561
-2,0,3,70.33,296.655,254.029,1442562
0,-2,-3,57.562,348.271,359.891,1442563
1,-1,-2,48.389,270.071,202.348,1442564
-4,2,-1,53.102,114.575,217.239,1442565
-4,0,-2,66.582,148.644,297.765,1442566
3,-2,-1,68.94,181.86,118.607,1442567
2,-3,1,152.976,72.399,289.463,1442568
1,-4,2,191.024,282.106,203.077,1442569
-3,3,-4,278.37,347.449,58.071,1442570
-3,3,-1,290.315,186.372,265.723,1442571
1,-2,-1,127.456,130.464,172.784,1442572
-2,-2,-3,257.82,187.837,209.502,1442573
0,-1,3,334.122,258.571,333.344,1442574
1,-3,1,37.438,322.093,147.273,1442575
-2,2,-2,252.926,321.757,197.92,1442576
-1,3,1,330.245,274.267,69.451,1442577
-4,1,2,135.258,159.845,316.101,1442578
-3,-3,-1,47.185,166.173,9.558,1442579
-1,-1,-4,227.147,62.543,243.068,1442580
3,-2,-3,257.311,178.978,19.34,1442581
1,-1,-4,219.877,309.712,205.568,1442582
1,1,2,179.0,101.898,345.162,1442583
2,-3,1,157.982,332.86,25.687,1442584
-2,-1,3,260.798,123.539,57.263,1442585
1,-2,-1,37.057,189.236,223.544,1442586
1,-1,1,36.634,65.395,359.801,1442587
-3,0,1,336.038,316.724,288.9,1442588
0,0,-2,21.473,273.252,335.808,1442589
2,-2,2,319.108,313.172,29.023,1442590
-3,3,-3,182.357,152.015,71.481,1442591
-1,2,-4,288.635,44.325,180.396,1442592
-1,0,3,82.474,289.81,325.547,1442593
3,-1,-1,307.174,234.087,161.211,1442594
0,0,0,309.107,234.245,69.688,1442595
3,0,2,161.21,167.246,231.229,1442596
-4,3,1,242.487,277.789,78.264,1442597
-4,-4,0,303.485,338.936,174.912,1442598
-4,-4,0,262.756,196.398,299.257,1442599
-3,1,-1,300.914,281.756,278.108,1442600
3,-1,-1,307.575,6.592,9.057,1442601
3,-3,1,277.073,69.712,31.632,1442602
-3,-3,3,67.12,109.261,336.665,1442603
-1,-2,0,320.294,311.149,273.063,1442604
-4,0,-4,326.393,7.444,145.663,1442605
0,1,-4,191.334,150.699,1.572,1442606
0,-4,-1,209.918,81.657,341.428,1442607
1,-4,3,92.836,99.705,11.611,1442608
-2,-3,-4,46.516,156.772,13.756,1442609
-2,-1,-4,143.125,338.495,275.641,1442610
1,2,1,171.851,123.528,302.454,1442611
3,3,3,213.513,7.097,8.324,1442612
-4,-1,-2,289.797,92.938,287.855,1442613
0,-4,-2,41.788,294.191,213.335,1442614
-2,1,-3,70.794,224.895,175.898,1442615
2,-1,1,174.396,58.234,74.342,1442616
3,-4,3,217.673,24.733,51.712,1442617
-4,3,1,200.236,51.964,257.618,1442618
-3,3,-2,24.934,258.679,341.387,1442619
1,1,-3,287.204,131.919,260.551,1442620
-2,0,3,171.217,158.455,253.547,1442621
-1,-4,-4,134.205,9.228,254.844,1442622
3,0,-4,291.57,358.751,100.61,1442623
-4,-4,-2,104.788,268.093,15.796,1442624
-1,2,-4,333.428,42.681,125.383,1442625
-3,-4,3,150.004,103.083,5.168,1442626
-4,-1,2,209.326,17.065,259.527,1442627
-4,3,2,153.203,307.889,329.31,1442628
2,-4,2,60.904,284.894,328.645,1442629
1,-4,-3,224.623,271.436,160.957,1442630
2,-3,-3,304.547,322.91,356.371,1442631
-3,2,0,95.534,93.595,228.934,1442632
1,-4,2,97.513,329.384,257.651,1442633
2,2,2,239.457,157.182,212.246,1442634
-3,-1,-3,351.975,97.85,202.159,1442635
-3,-1,0,56.422,99.953,66.074,1442636
-1,-1,0,170.829,264.201,68.662,1442637
3,-1,2,350.45,305.818,280.044,1442638
-2,-1,1,51.006,140.25,289.442,1442639
1,3,-1,276.735,72.729,135.248,1442640
-3,-2,-2,270.812,29.917,284.882,1442641
0,0,-3,93.585,121.735,100.18,1442642
0,-3,0,304.327,321.443,47.04,1442643
-1,0,-3,121.831,120.743,304.018,1442644
-3,-4,2,297.995,244.058,234.749,1442645
-2,-4,1,329.802,121.171,204.698,1442646
3,0,1,51.109,77.939,306.525,1442647
0,3,0,55.249,63.513,271.834,1442648
-3,3,3,125.813,325.029,188.356,1442649
-4,-3,3,250.065,112.807,165.293,1442650
1,-2,2,293.639,346.445,200.787,1442651
-4,2,-4,19.062,60.428,87.423,1442652
3,-2,0,240.527,232.481,124.931,1442653
3,-3,-4,74.754,221.33,178.148,1442654
-1,-1,3,313.944,116.635,145.75,1442655
2,3,-2,183.289,145.455,160.033,1442656
0,1,-3,53.548,342.391,181.604,1442657
2,0,0,197.613,285.257,240.623,1442658
0,3,-2,163.272,52.304,319.559,1442659
-3,-1,3,153.488,135.914,309.51,1442660
-2,-4,-3,277.533,355.697,267.999,1442661
0,2,-1,205.213,245.324,90.331,1442662
-4,-1,0,209.7,134.604,326.385,1442663
-2,-2,2,146.036,115.648,308.523,1442664
1,-3,-4,339.659,348.344,348.669,1442665
1,3,-2,281.887,299.202,59.557,1442666
2,2,3,217.718,14.001,82.916,1442667
-3,3,-4,250.47,312.704,113.501,1442668
-1,0,-2,23.553,215.441,342.605,1442669
1,3,-4,189.175,139.565,13.087,1442670
-2,-1,1,279.256,160.381,288.209,1442671
3,3,-1,336.82,127.683,10.89,1442672
-3,0,1,85.408,202.518,8.783,1442673
3,1,0,153.425,74.079,74.877,1442674
-2,-3,-4,220.619,218.052,49.41,1442675
1,-3,0,264.612,60.034,189.948,1442676
-1,0,-1,318.465,326.787,12.882,1442677
2,-4,-4,72.817,9.003,125.084,1442678
-4,3,2,78.728,234.707,258.678,1442679
-2,3,2,222.108,80.768,334.872,1442680
3,0,1,222.865,89.148,72.987,1442681
0,2,-3,167.263,35.357,11.281,1442682
2,0,-2,330.591,330.185,144.156,1442683
3,-2,1,279.306,82.978,346.274,1442684
-4,-2,-4,156.075,302.594,203.861,1442685
1,3,2,297.177,238.481,58.916,1442686
3,-4,1,237.225,108.022,38.138,1442687
-2,0,-2,105.893,209.184,247.593,1442688
-2,2,0,340.39,20.899,113.328,1442689
-2,-2,-1,54.182,52.725,195.039,1442690
-1,3,0,298.42,119.89,24.577,1442691
2,-4,1,304.834,307.341,82.088,1442692
-2,1,-1,57.829,78.634,92.938,1442693
3,-4,0,22.503,238.824,146.369,1442694
-1,-2,-3,265.715,68.763,199.214,1442695
-2,3,0,86.148,217.821,125.655,1442696
0,2,2,70.269,5.075,163.01,1442697
0,1,2,3.899,358.127,172.967,1442698
-3,0,-1,348.016,122.954,267.495,1442699
-1,-2,-2,222.195,207.967,207.307,1442700
-3,-2,-1,227.265,257.561,50.613,1442701
-2,2,1,330.334,219.338,253.462,1442702
0,-1,2,269.199,284.866,51.808,1442703
3,3,1,310.436,7.465,180.971,1442704
1,-4,-3,129.777,355.945,222.459,1442705
-3,3,-2,172.444,248.399,97.33,1442706
0,-4,-1,23.158,323.252,195.975,1442707
-3,1,0,259.02,8.998,107.334,1442708
-2,1,-4,206.549,39.1,163.683,1442709
-1,-3,3,278.64,187.571,14.521,1442710
-1,3,1,68.186,108.272,156.678,1442711
-4,-1,-2,357.65,9.287,305.609,1442712
2,-1,-4,80.46,290.737,339.487,1442713
-1,-4,-3,347.17,298.295,258.741,1442714
1,2,1,281.555,331.951,222.729,1442715
-4,1,1,340.628,70.1,356.56,1442716
3,-4,0,16.266,21.326,144.175,1442717
-4,1,3,48.53,10.772,159.89,1442718
1,-1,-3,303.927,101.204,222.617,1442719
-3,3,0,144.92,172.888,166.574,1442720
-2,-2,-3,156.017,158.792,15.794,1442721
-2,1,-4,75.852,191.754,146.979,1442722
3,1,2,223.993,27.301,168.275,1442723
2,0,-4,63.248,119.807,197.934,1442724
-1,-3,2,72.826,331.336,58.558,1442725
3,1,-1,57.946,88.081,133.897,1442726
0,-1,-2,29.826,51.348,220.906,1442727
0,-3,-2,294.652,138.15,212.967,1442728
0,2,1,182.119,354.519,251.084,1442729
-4,-2,3,216.021,11.579,271.943,1442730
2,-3,-2,353.4,245.46,114.252,1442731
2,-3,2,308.542,48.541,263.796,1442732
-3,-1,3,9.916,146.789,307.295,1442733
1,-3,2,159.392,295.37,305.067,1442734
-1,3,-3,65.46,233.743,304.953,1442735
1,2,-2,94.127,117.125,102.235,1442736
-2,-1,-2,228.196,161.567,98.155,1442737
1,1,-1,61.965,187.959,292.469,1442738
3,-2,-2,201.562,291.53,16.863,1442739
-4,-4,0,189.954,173.501,28.258,1442740
0,3,0,42.798,208.066,29.098,1442741
-2,-2,-4,148.894,273.055,58.54,1442742
3,0,-1,327.27,311.86,247.556,1442743
0,1,0,116.75,60.361,56.537,1442744
2,1,-4,9.559,12.373,69.032,1442745
-4,1,-3,68.583,10.917,23.398,1442746
2,1,0,281.326,52.901,4.774,1442747
2,2,-2,232.154,105.707,359.812,1442748
-4,2,0,322.666,202.673,249.661,1442749
-3,-4,2,325.211,121.667,54.746,1442750
-3,1,-2,291.944,11.13,242.697,1442751
-1,1,-3,260.325,228.293,94.656,1442752
-4,2,-3,351.465,46.439,86.292,1442753
1,-4,-4,187.059,297.655,333.932,1442754
2,2,0,85.967,299.998,182.21,1442755
3,-4,1,154.082,345.266,56.088,1442756
-4,-2,0,216.879,328.619,284.744,1442757
0,-2,1,330.484,209.998,96.919,1442758
2,-1,0,191.909,203.037,181.262,1442759
1,0,-3,175.273,17.192,354.594,1442760
3,2,0,269.732,28.092,353.622,1442761
-4,3,-1,141.181,358.149,300.159,1442762
-2,-3,3,177.678,153.804,64.157,1442763
1,1,1,211.902,154.026,95.791,1442764
3,2,-1,285.828,270.881,201.05,1442765
-4,3,3,89.131,205.25,38.417,1442766
-3,0,0,134.698,180.807,278.012,1442767
-2,3,-1,69.687,73.784,291.211,1442768
1,-1,-1,35.798,248.168,312.062,1442769
2,0,-3,246.156,208.42,149.119,1442770
-3,-2,1,128.809,135.77,34.802,1442771
3,-3,-2,301.508,299.641,167.92,1442772
0,1,0,305.027,102.01,160.742,1442773
-1,-1,2,103.405,226.55,70.577,1442774
2,-3,1,141.977,13.725,113.643,1442775
2,-2,-1,90.359,67.482,299.957,1442776
2,1,-2,223.22,177.77,263.075,1442777
1,-1,2,247.965,188.501,191.518,1442778
1,3,3,46.68,164.562,2.058,1442779
-3,-4,-3,173.731,350.225,316.003,1442780
-4,-1,1,333.974,87.971,45.826,1442781
-1,3,-1,210.877,12.779,188.799,1442782
0,-4,-1,346.336,236.662,74.004,1442783
3,-1,3,74.821,69.246,350.597,1442784
-2,-4,2,125.837,86.106,154.746,1442785
-2,3,-3,297.47,15.504,327.647,1442786
-3,3,3,110.952,6.591,200.277,1442787
-4,2,0,193.586,5.635,0.605,1442788
2,3,2,64.151,41.102,35.55,1442789
2,1,2,325.224,67.865,353.03,1442790
-4,-3,-4,341.714,5.808,160.282,1442791
0,3,0,88.555,298.196,175.128,1442792
1,2,2,130.373,313.383,45.71,1442793
2,-3,-2,328.433,307.122,157.745,1442794
2,-2,3,127.99,36.956,145.87,1442795
-4,-1,-2,156.54,344.22,173.83,1442796
-3,-2,-1,149.558,248.122,232.019,1442797
-2,0,-1,323.525,253.088,176.263,1442798
3,-4,3,214.36,131.319,349.89,1442799
-2,-2,2,32.534,276.257,30.324,1442800
3,-4,-1,92.96,320.107,33.105,1442801
3,1,1,301.054,26.105,278.733,1442802
1,-3,-3,124.783,343.824,278.984,1442803
3,-3,-4,117.356,135.375,164.65,1442804
0,-2,3,25.805,109.633,338.022,1442805
-2,-4,1,259.186,277.576,338.944,1442806
-4,-1,-4,14.92,228.246,204.672,1442807
1,2,-3,84.478,339.349,36.475,1442808
3,-1,-3,277.938,64.566,297.891,1442809
2,0,0,178.284,24.651,81.6,1442810
2,0,3,200.941,347.401,170.367,1442811
-2,-1,0,87.165,336.152,44.529,1442812
-4,-2,-3,74.101,311.994,244.848,1442813
-1,-1,-3,93.703,91.723,293.733,1442814
2,2,-4,60.169,228.987,192.937,1442815
3,-3,2,320.058,315.709,171.604,1442816
-4,-2,3,227.168,293.444,270.391,1442817
-2,3,-3,235.939,248.806,72.956,1442818
1,-1,3,302.857,88.767,87.155,1442819
2,-3,-3,332.434,83.591,295.04,1442820
-3,3,-4,30.706,251.086,263.449,1442821
0,-4,-4,217.628,42.404,107.249,1442822
0,2,2,265.357,235.296,214.871,1442823
-1,-3,-3,90.737,213.614,336.374,1442824
1,-4,-1,209.626,227.534,179.51,1442825
-3,3,3,332.964,25.143,38.257,1442826
3,-4,3,349.654,51.232,66.686,1442827
0,3,2,183.965,124.141,155.698,1442828
-3,-4,-3,212.553,184.077,237.748,1442829
3,1,1,106.223,39.188,120.221,1442830
-2,-3,-4,15.715,141.09,116.535,1442831
3,2,-1,270.07,36.486,128.505,1442832
0,2,-3,186.525,43.698,296.058,1442833
-1,0,3,299.132,338.395,309.686,1442834
3,2,-4,202.562,52.455,55.968,1442835
0,-1,3,187.296,40.292,59.084,1442836
-2,2,1,275.919,153.758,268.77,1442837
0,-2,-3,21.779,114.789,94.295,1442838
-3,-1,-1,211.181,109.31,63.31,1442839
2,-4,2,268.395,120.682,216.756,1442840
0,-3,2,83.121,330.415,228.958,1442841
0,-4,-3,227.534,358.942,18.08,1442842
-3,1,-4,32.933,301.328,198.385,1442843
-1,-2,-3,241.868,256.599,206.329,1442844
-3,-4,-3,278.707,252.361,110.249,1442845
-1,2,3,356.047,17.376,298.702,1442846
3,-3,-1,238.314,300.812,33.905,1442847
-2,-2,-1,337.493,109.745,159.087,1442848
-3,-1,3,71.232,88.792,325.464,1442849
-2,-2,1,283.137,110.569,172.855,1442850
3,-1,3,134.756,78.86,31.806,1442851
-3,-2,-4,351.399,197.785,225.636,1442852
1,2,-4,39.489,143.78,171.774,1442853
-3,-2,-3,280.368,243.303,257.225,1442854
3,-3,-1,226.071,232.276,216.163,1442855
-1,0,1,103.915,330.986,55.745,1442856
-3,-1,3,25.593,225.101,67.558,1442857
2,-2,0,103.171,183.684,228.136,1442858
-2,3,-1,31.264,102.632,75.647,1442859
1,0,2,52.183,128.126,6.865,1442860
3,2,-4,333.138,96.496,265.335,1442861
0,0,3,220.368,303.236,60.777,1442862
2,3,-1,260.998,329.031,73.862,1442863
2,1,-3,112.855,244.749,232.13,1442864
-3,2,3,267.854,26.267,150.852,1442865
1,0,2,52.024,1.982,58.722,1442866
2,-1,2,227.171,168.888,113.264,1442867
-3,1,3,265.27,100.697,238.355,1442868
2,1,3,203.828,125.525,346.841,1442869
-4,0,-4,128.958,281.547,37.751,1442870
-2,2,2,316.318,160.277,134.539,1442871
0,3,-2,99.662,179.912,61.803,1442872
3,2,-4,148.0,206.719,185.598,1442873
-2,-1,-4,213.968,52.254,244.377,1442874
-2,-4,2,215.453,153.508,290.345,1442875
-1,3,-4,12.339,178.684,251.257,1442876
3,-1,-2,333.038,238.496,141.082,1442877
-3,1,-3,125.466,136.556,135.759,1442878
3,1,3,222.355,194.432,346.308,1442879
-3,-1,-2,341.095,198.915,191.874,1442880
-3,-4,-2,260.169,91.315,44.145,1442881
1,0,0,114.205,44.114,226.344,1442882
-1,2,-2,357.896,266.651,13.392,1442883
-4,0,3,331.053,268.116,191.093,1442884
-4,1,-1,121.574,108.424,84.975,1442885
2,-3,-1,57.616,29.86,288.122,1442886
1,2,1,251.553,129.035,7.223,1442887
-1,2,-2,317.222,224.093,345.972,1442888
2,-2,2,125.076,79.701,96.893,1442889
-4,3,3,47.949,86.305,309.254,1442890
2,3,-1,96.403,116.826,118.735,1442891
0,2,0,174.528,102.46,143.376,1442892
-3,-1,-1,229.604,326.274,16.796,1442893
-1,0,3,204.247,127.966,339.171,1442894
1,2,2,195.87,39.489,245.566,1442895
3,2,1,79.388,117.42,61.492,1442896
-4,-1,-2,10.414,237.3,39.263,1442897
-2,2,1,337.52,237.679,159.045,1442898
-1,-4,-1,320.522,199.773,272.611,1442899
1,-1,3,260.16,125.373,115.016,1442900
-1,2,-4,333.368,104.657,232.745,1442901
-1,-2,-1,173.503,13.272,238.355,1442902
3,-1,-2,118.918,116.775,304.738,1442903
1,2,-3,139.302,302.767,71.458,1442904
-1,1,-2,91.979,149.351,262.305,1442905
2,-4,3,134.311,260.952,343.98,1442906
-3,-2,3,5.34,79.505,196.797,1442907
0,-4,1,139.543,209.215,176.66,1442908
-3,3,-2,81.12,266.063,96.491,1442909
-4,2,1,240.874,34.732,126.49,1442910
-1,-3,-1,195.299,138.586,185.632,1442911
0,-2,0,293.657,152.126,322.393,1442912
-1,-3,-4,204.091,224.179,249.991,1442913
-1,-3,0,186.593,311.994,116.823,1442914
-2,-3,-2,299.982,334.053,75.737,1442915
-3,2,-1,222.066,74.736,130.476,1442916
3,2,3,270.012,96.881,160.097,1442917
0,-2,0,16.157,238.888,63.746,1442918
2,1,3,312.279,14.03,198.368,1442919
-1,-1,3,327.851,97.24,73.84,1442920
-3,2,3,254.058,62.18,303.154,1442921
-3,1,1,220.41,164.694,305.062,1442922
-4,-1,3,122.395,95.204,191.449,1442923
-1,1,-2,2.4,128.671,347.34,1442924
-1,0,-3,242.618,145.922,285.211,1442925
3,-2,1,221.427,153.839,322.31,1442926
-1,-1,1,306.329,257.394,294.674,1442927
3,-4,0,277.913,271.285,136.131,1442928
-3,-1,3,183.717,142.597,144.355,1442929
1,-2,-3,285.209,266.792,319.916,1442930
-1,-1,2,180.538,237.977,176.398,1442931
2,-2,0,351.303,259.526,135.619,1442932
0,-2,1,2.793,83.705,34.448,1442933
-4,-2,3,26.146,287.531,181.564,1442934
-1,-1,-4,206.827,116.584,260.636,1442935
-1,3,1,40.83,135.904,303.425,1442936
3,-4,-4,119.615,209.047,234.832,1442937
-3,-4,1,13.614,96.121,257.641,1442938
-3,-2,2,272.316,83.27,329.784,1442939
-3,-2,2,358.844,70.781,222.422,1442940
2,2,1,133.585,267.506,179.491,1442941
-1,0,-3,348.041,300.271,178.954,1442942
2,2,-3,154.132,103.118,262.573,1442943
3,-1,3,125.129,8.408,298.662,1442944
3,3,3,23.482,294.218,35.326,1442945
-4,-4,1,238.162,305.025,260.48,1442946
-4,-4,3,143.807,349.328,202.133,1442947
3,0,0,212.212,192.085,334.473,1442948
-4,0,-1,214.463,94.726,225.88,1442949
-1,-2,-1,343.393,187.449,289.813,1442950
0,-1,3,288.372,32.279,68.959,1442951
-2,-1,-3,324.455,105.894,8.391,1442952
-2,2,-4,48.714,66.391,287.652,1442953
0,-2,1,260.385,353.323,155.359,1442954
-2,-3,2,235.766,159.65,69.656,1442955
-1,3,1,250.001,306.175,286.01,1442956
2,-4,1,98.285,44.8,239.523,1442957
1,0,1,164.136,353.273,232.926,1442958
-3,1,-4,217.686,261.905,97.124,1442959
-1,1,-2,231.279,331.369,192.044,1442960
-2,-3,-1,311.36,172.09,220.996,1442961
-1,2,-2,170.151,343.724,54.045,1442962
-4,0,-4,297.51,37.836,304.074,1442963
-1,-3,-3,266.495,89.604,252.936,1442964
-1,-2,-1,234.067,48.88,269.562,1442965
-3,-3,0,1.314,307.616,300.143,1442966
-3,2,0,138.427,95.927,264.266,1442967
0,-2,-4,129.835,27.482,294.798,1442968
-4,-4,1,33.417,58.777,175.835,1442969
-2,2,-1,111.264,356.536,118.84,1442970
1,-2,-3,324.496,286.849,244.12,1442971
3,-3,0,166.092,318.4,21.633,1442972
2,1,1,43.142,78.974,151.799,1442973
-4,3,3,83.378,141.762,3.633,1442974
3,1,2,306.241,53.445,84.405,1442975
-3,3,-3,117.716,292.709,97.896,1442976
2,0,-4,181.653,328.87,176.164,1442977
0,-4,2,0.751,27.336,268.944,1442978
2,1,0,132.847,53.943,139.883,1442979
-1,1,-2,318.948,306.627,228.377,1442980
-3,-2,0,76.937,233.102,149.789,1442981
3,3,2,109.503,5.33,251.42,1442982
-3,2,1,105.153,7.491,46.939,1442983
-3,0,-4,157.971,189.376,304.229,1442984
3,-4,-2,85.835,80.718,97.993,1442985
2,0,1,211.709,283.571,290.493,1442986
-1,2,3,313.784,96.2,259.22,1442987
1,2,3,340.811,83.856,359.271,1442988
-2,0,-3,80.409,228.865,28.193,1442989
-2,-3,1,24.247,173.342,101.037,1442990
3,3,3,94.695,80.791,203.786,1442991
2,0,-1,120.793,176.433,291.742,1442992
1,0,2,348.075,1.416,299.971,1442993
0,2,2,185.717,202.392,134.332,1442994
-1,-1,1,308.293,170.36,307.809,1442995
-4,2,-4,162.835,91.532,177.506,1442996
2,-3,1,96.513,257.157,159.576,1442997
-4,-4,-3,233.69,228.607,260.019,1442998
-2,-3,-3,66.177,144.712,334.402,1442999
2,0,1,17.243,111.608,26.124,1443000
-3,3,-3,224.684,127.452,238.785,1443001
-1,0,-2,244.99,172.027,324.432,1443002
2,3,0,353.635,278.848,317.63,1443003
-3,-1,0,131.043,92.816,230.923,1443004
2,-4,3,233.649,285.163,76.958,1443005
3,-4,-4,23.84,127.577,287.056,1443006
2,-4,0,71.566,172.298,88.546,1443007
1,1,-1,106.745,229.838,234.49,1443008
2,-4,3,259.728,222.707,7.98,1443009
-3,3,3,51.857,18.69,266.646,1443010
-2,-4,-1,209.13,356.888,41.368,1443011
3,-2,-3,248.905,66.754,335.606,1443012
3,2,0,107.437,81.069,336.05,1443013
-3,2,-3,109.839,336.966,160.652,1443014
-2,0,0,347.792,273.218,267.047,1443015
0,-1,0,188.218,242.79,272.453,1443016
0,0,-3,311.217,56.659,15.663,1443017
-1,3,3,105.752,60.393,198.985,1443018
3,1,-3,80.028,316.755,201.783,1443019
-1,-2,-2,70.624,24.671,344.009,1443020
2,-1,-2,207.173,106.599,191.564,1443021
-1,-4,-1,203.741,144.116,102.987,1443022
-2,-1,2,49.439,162.443,63.579,1443023
0,3,0,231.953,249.004,84.117,1443024
-1,2,-4,325.504,115.739,71.43,1443025
-4,-1,-4,243.142,19.146,87.783,1443026
-3,-2,2,285.055,88.979,326.614,1443027
-1,2,1,313.947,144.187,263.314,1443028
3,-4,-1,297.217,47.919,119.266,1443029
3,-1,2,251.32,277.365,72.293,1443030
2,-2,-2,97.47,338.63,21.259,1443031
-2,-4,-4,127.138,178.674,355.588,1443032
3,3,-4,257.456,261.235,121.781,1443033
2,-3,0,26.42,127.514,3.602,1443034
-2,-3,3,328.617,265.099,347.994,1443035
-1,1,2,119.144,142.656,48.041,1443036
3,3,3,284.047,68.201,163.048,1443037
-2,-4,-1,329.445,263.502,116.821,1443038
-4,-3,0,208.658,49.702,243.015,1443039
-4,-3,1,358.224,304.1,199.875,1443040
-4,-3,-2,357.394,302.761,275.636,1443041
1,-2,-3,184.966,153.696,340.702,1443042
3,3,0,142.564,287.463,40.833,1443043
-1,1,2,183.249,57.699,2.659,1443044
1,1,3,180.612,197.497,4.726,1443045
1,-3,3,215.462,17.67,260.938,1443046
-4,1,-4,219.317,185.417,104.45,1443047
2,-4,-4,175.086,289.262,238.815,1443048
-1,3,3,72.315,287.597,252.47,1443049
-4,-1,-1,206.369,6.061,309.88,1443050
0,2,-4,333.088,166.981,102.093,1443051
3,3,0,354.935,203.445,63.632,1443052
-1,3,0,108.754,138.9,193.279,1443053
0,2,-3,132.272,76.848,116.658,1443054
-1,-3,-4,144.683,149.496,272.186,1443055
-4,-1,1,53.62,8.88,340.894,1443056
-4,0,0,307.749,234.76,265.402,1443057
3,0,3,351.713,274.351,174.249,1443058
0,0,1,327.172,337.665,343.258,1443059
0,0,3,305.688,46.015,264.804,1443060
-4,1,-1,293.746,226.19,57.884,1443061
-2,-1,-2,204.384,250.9,73.413,1443062
-1,1,-2,234.495,177.31,46.693,1443063
-2,-1,1,237.167,315.915,224.839,1443064
0,-1,2,328.5,232.839,350.46,1443065
-3,-4,0,63.822,55.06,22.673,1443066
-2,-3,-1,310.024,8.192,25.244,1443067
-4,0,1,103.573,293.996,304.412,1443068
-3,-2,-2,120.73,137.226,256.29,1443069
-3,3,1,120.24,43.086,189.769,1443070
1,-2,-2,147.219,238.046,80.51,1443071
-3,2,2,252.82,164.543,254.863,1443072
-1,2,-2,298.167,294.943,285.527,1443073
-3,-4,0,235.19,334.491,197.473,1443074
-4,-2,-1,54.256,125.779,93.224,1443075
-4,-1,0,275.088,38.613,24.406,1443076
1,-4,3,249.48,348.921,86.471,1443077
-3,0,-4,279.541,336.491,322.267,1443078
-4,-2,2,261.879,13.647,345.632,1443079
2,0,-1,151.017,147.291,206.07,1443080
0,0,3,192.878,138.66,63.568,1443081
-4,-1,3,166.973,192.623,293.286,1443082
3,-1,0,313.67,85.622,107.864,1443083
2,-2,-1,218.595,296.873,142.16,1443084
-4,1,-2,358.672,140.924,65.938,1443085
3,-4,3,140.971,256.875,167.144,1443086
-1,-2,0,126.546,89.214,223.832,1443087
2,-3,-1,7.047,273.185,262.646,1443088
0,-1,1,63.285,186.049,132.608,1443089
3,-3,3,137.642,352.728,348.779,1443090
2,-2,-3,301.903,286.044,96.213,1443091
-2,2,2,0.169,121.256,121.633,1443092
3,1,-1,170.343,192.516,314.961,1443093
-2,-3,3,313.026,245.851,81.615,1443094
-4,-2,3,124.801,214.607,216.863,1443095
1,-2,2,128.496,142.277,178.096,1443096
-1,2,-1,9.805,291.437,40.206,1443097
2,3,-2,148.9,136.998,106.471,1443098
-4,-3,-3,143.337,157.167,85.435,1443099
-2,0,-4,215.619,358.845,72.243,1443100
3,-2,2,286.591,331.687,152.569,1443101
-4,-4,-1,30.451,31.573,247.982,1443102
-1,-2,3,151.445,275.042,12.002,1443103
2,-2,-3,87.547,172.152,123.583,1443104
-4,3,-1,355.955,281.128,136.076,1443105
-1,3,0,308.008,309.166,279.687,1443106
2,-4,-1,307.056,320.584,189.977,1443107
3,0,3,227.309,231.226,309.443,1443108
1,-2,-4,203.306,51.849,199.555,1443109
-3,3,-2,284.038,307.094,284.096,1443110
-1,2,-3,54.781,342.598,183.438,1443111
-2,-1,1,347.903,305.318,16.929,1443112
-1,0,-2,187.327,92.481,146.924,1443113
-4,-1,1,35.639,267.865,112.547,1443114
-1,0,-1,177.268,274.421,7.551,1443115
-1,-4,3,131.677,284.906,38.262,1443116
-2,-1,-4,170.581,311.586,137.035,1443117
1,-2,-4,203.762,312.858,68.521,1443118
-1,-4,-2,0.605,159.203,294.984,1443119
3,1,-4,32.27,49.071,289.375,1443120
2,1,-4,263.236,112.03,57.531,1443121
-1,3,0,217.61,220.823,214.847,1443122
3,2,3,50.122,266.397,8.94,1443123
-2,3,-2,206.433,115.807,117.343,1443124
3,1,-4,246.192,356.359,261.033,1443125
-4,-4,2,64.315,70.486,89.892,1443126
0,2,0,151.904,314.661,322.5,1443127
3,-3,-3,265.866,266.409,179.056,1443128
-3,1,2,189.309,260.255,332.608,1443129
0,2,1,267.939,171.809,164.82,1443130
-3,1,-2,323.331,107.406,159.41,1443131
-1,1,-1,327.348,142.988,308.894,1443132
-3,-3,3,207.401,73.732,242.674,1443133
1,-4,1,45.548,7.442,152.315,1443134
2,-4,3,326.785,171.969,255.096,1443135
3,-2,3,189.578,287.476,306.729,1443136
-4,-3,0,113.784,148.697,229.607,1443137
0,-4,-3,333.961,284.296,78.258,1443138
2,1,-4,56.002,168.076,195.517,1443139
2,-3,-4,189.004,42.188,87.487,1443140
1,0,3,244.931,325.582,315.318,1443141
-4,1,-1,120.991,105.883,330.882,1443142
-1,3,-4,61.126,261.653,309.019,1443143
-4,-4,-2,327.449,161.108,47.762,1443144
3,2,1,242.55,30.135,355.742,1443145
0,3,0,270.735,307.519,31.73,1443146
-1,3,2,81.34,211.745,235.02,1443147
-1,0,-3,139.734,42.503,105.154,1443148
1,1,-2,300.677,253.891,197.552,1443149
-1,-3,-2,41.443,208.473,280.623,1443150
1,-2,3,140.23,215.999,207.896,1443151
0,-2,-1,252.711,175.375,16.286,1443152
0,0,-2,249.917,103.642,282.089,1443153
2,-4,2,121.15,333.146,190.129,1443154
0,2,-1,113.474,326.758,10.69,1443155
-3,1,3,246.889,140.244,79.466,1443156
-2,-3,2,78.466,99.528,15.171,1443157
-2,3,-1,21.259,194.678,103.845,1443158
1,-3,2,291.416,186.194,234.132,1443159
0,0,2,141.07,288.88,253.821,1443160
-1,3,0,102.219,97.388,161.72,1443161
2,3,-1,117.688,34.486,269.058,1443162
-3,1,-4,233.198,80.362,7.983,1443163
-3,0,2,42.257,195.211,359.602,1443164
-3,-3,2,331.353,144.518,99.757,1443165
0,-3,3,352.252,63.256,90.728,1443166
-4,-2,0,287.81,350.917,177.682,1443167
0,1,-2,264.837,324.492,94.072,1443168
-1,-3,-1,11.065,355.179,340.391,1443169
1,-1,2,139.158,162.311,109.455,1443170
-3,-2,2,275.101,314.305,315.388,1443171
-2,-2,-2,23.637,276.338,55.732,1443172
2,-2,0,51.163,121.488,158.408,1443173
-4,1,1,142.481,112.677,175.456,1443174
2,2,1,289.375,162.4,106.871,1443175
1,-1,-4,285.675,100.01,323.902,1443176
-2,3,-1,185.79,101.786,157.836,1443177
0,3,-3,275.763,78.244,346.893,1443178
-2,-4,3,354.583,59.482,24.897,1443179
3,1,-2,63.479,24.566,319.637,1443180
0,-3,-4,136.408,334.207,250.181,1443181
0,3,3,98.709,173.943,341.222,1443182
1,1,-1,185.041,12.318,290.865,1443183
-4,0,-4,271.804,317.984,333.732,1443184
0,2,-3,344.897,69.873,280.411,1443185
2,3,3,16.246,233.916,258.188,1443186
3,-2,3,334.877,249.337,299.704,1443187
-4,-3,0,343.51,111.599,246.936,1443188
0,-1,-3,279.159,73.503,224.698,1443189
2,3,-3,303.702,184.663,124.517,1443190
-1,-3,-1,27.647,59.657,104.044,1443191
-3,3,3,247.613,213.143,130.634,1443192
1,0,2,185.458,132.804,227.404,1443193
3,-1,3,57.009,151.894,309.887,1443194
1,0,-1,156.899,46.611,47.542,1443195
3,-4,-4,120.879,211.487,143.127,1443196
-2,-4,-4,261.561,353.19,104.746,1443197
-1,0,1,156.044,254.356,183.231,1443198
1,2,0,75.703,341.169,185.062,1443199
2,-4,-3,23.815,230.649,266.54,1443200
-2,3,-4,334.438,12.603,65.875,1443201
-4,-3,-4,304.009,27.245,0.275,1443202
1,2,1,75.306,319.285,97.343,1443203
0,0,-3,340.89,73.832,106.443,1443204
2,-4,3,225.399,134.162,5.806,1443205
1,-2,3,331.723,57.265,168.701,1443206
2,-4,3,217.699,306.748,248.659,1443207
3,-4,-1,87.55,202.025,122.16,1443208
0,2,-2,154.263,181.277,207.702,1443209
0,2,-1,332.693,86.515,228.699,1443210
3,1,-3,328.018,162.9,154.327,1443211
3,3,-2,243.314,130.347,131.336,1443212
-4,-1,0,323.93,100.571,345.127,1443213
1,-3,-4,81.075,311.222,225.231,1443214
-3,-1,0,192.053,285.115,127.241,1443215
0,-4,-2,300.805,205.707,48.287,1443216
-1,3,0,2.386,30.349,195.4,1443217
-2,-4,-3,139.199,328.799,76.38,1443218
0,-4,-3,238.19,57.436,199.823,1443219
-4,1,-1,179.528,64.815,63.115,1443220
2,0,-1,205.289,251.279,191.53,1443221
3,1,2,256.74,267.746,179.394,1443222
-1,-4,1,58.096,28.097,146.72,1443223
-1,3,-3,254.125,350.586,133.53,1443224
-3,1,-1,96.456,9.382,46.493,1443225
3,-2,-3,24.744,239.164,159.93,1443226
1,-4,2,19.824,196.058,347.476,1443227
-1,2,-4,151.115,254.888,322.484,1443228
-2,-3,-4,347.537,63.479,228.35,1443229
-2,-1,-2,64.267,204.541,351.736,1443230
-3,3,-1,263.078,184.656,177.457,1443231
1,-2,3,288.756,25.247,39.539,1443232
-4,0,-1,175.994,330.843,210.148,1443233
1,1,-4,219.087,118.079,191.325,1443234
-1,-4,0,292.474,149.784,87.763,1443235
-2,-1,-3,49.055,180.452,279.113,1443236
-2,3,0,76.834,243.806,66.83,1443237
-4,-1,3,189.335,186.002,233.011,1443238
-3,-4,1,171.775,248.303,345.301,1443239
0,3,-1,1.746,25.98,166.166,1443240
1,-1,-4,39.42,107.449,246.091,1443241
0,-4,3,303.636,64.447,112.995,1443242
1,-1,-2,219.436,203.783,137.767,1443243
0,-2,0,42.113,167.02,330.353,1443244
-2,3,-2,349.281,76.316,84.063,1443245
2,3,-4,164.46,80.112,271.34,1443246
1,1,2,314.009,108.17,202.716,1443247
-4,-2,0,115.752,332.536,233.215,1443248
-3,1,2,220.046,80.932,34.408,1443249
0,2,-4,152.094,275.667,278.757,1443250
0,-4,-1,184.031,320.045,177.599,1443251
3,0,1,118.627,126.403,155.921,1443252
-4,3,1,43.934,183.683,100.042,1443253
0,0,2,275.697,249.849,326.519,1443254
-4,3,-4,132.809,29.452,12.844,1443255
3,-3,-2,229.82,276.677,341.183,1443256
3,-3,0,290.118,12.135,190.572,1443257
-3,-1,0,113.746,306.989,235.358,1443258
3,-3,-2,142.127,339.11,306.024,1443259
1,-1,0,135.087,132.373,33.438,1443260
1,-3,-1,299.211,161.327,127.686,1443261
2,-4,-3,139.672,80.081,82.723,1443262
2,2,1,258.562,124.542,217.048,1443263
-2,3,3,43.858,281.825,111.939,1443264
0,3,2,136.755,104.158,287.442,1443265
3,1,-3,251.357,231.127,261.555,1443266
3,-2,-2,127.634,226.973,199.369,1443267
2,-4,-4,32.672,197.186,253.356,1443268
1,-3,-1,13.009,113.336,113.431,1443269
-4,-1,-1,347.144,117.618,141.581,1443270
2,-4,-2,123.915,315.356,93.984,1443271
2,3,3,157.643,117.674,296.478,1443272
1,-1,2,166.316,84.955,65.133,1443273
-2,2,0,114.428,230.742,128.67,1443274
3,-3,3,274.572,271.242,39.266,1443275
1,3,0,105.406,239.206,238.782,1443276
-3,0,0,246.666,354.469,257.049,1443277
1,-2,-3,197.521,132.135,25.014,1443278
0,2,3,295.454,50.979,176.189,1443279
0,-1,0,201.803,339.53,53.641,1443280
-4,-4,-3,230.38,31.654,104.932,1443281
0,-3,-4,83.179,187.145,14.469,1443282
1,-3,1,129.849,109.282,50.061,1443283
-1,-4,1,6.768,245.654,32.445,1443284
1,3,3,118.235,238.092,2.753,1443285
1,-1,-3,341.492,6.034,122.499,1443286
-2,-2,-3,203.115,123.94,71.941,1443287
2,-3,3,291.969,137.999,316.516,1443288
0,1,2,5.468,23.482,266.709,1443289
-4,-2,-4,172.708,284.791,60.946,1443290
-4,-1,-4,243.421,231.095,342.121,1443291
-2,-1,-3,347.732,6.58,92.087,1443292
-2,-2,-3,170.575,136.978,227.158,1443293
3,-4,3,142.944,241.465,354.021,1443294
-1,-1,-2,111.649,215.883,170.432,1443295
3,-1,3,343.007,286.812,310.091,1443296
-2,2,2,0.237,273.663,265.53,1443297
3,-4,-4,125.175,69.449,71.302,1443298
-1,3,-2,246.11,20.678,196.319,1443299
-4,-1,-4,131.509,197.936,36.667,1443300
-3,1,-3,241.526,207.361,340.038,1443301
3,2,-3,172.926,6.633,178.117,1443302
-4,-3,0,4.775,241.328,17.628,1443303
2,-1,-4,249.397,63.872,15.995,1443304
0,2,-3,302.621,80.864,113.664,1443305
1,2,-2,328.107,343.447,303.186,1443306
-4,0,-2,295.607,107.706,22.707,1443307
-1,-2,2,224.501,72.221,20.075,1443308
-1,1,3,113.56,140.915,117.641,1443309
1,-3,1,102.531,290.881,341.874,1443310
3,0,1,128.593,222.071,262.404,1443311
-2,1,-3,340.607,90.389,123.776,1443312
-2,1,-3,88.911,114.835,316.857,1443313
-4,-2,-2,331.009,73.905,13.103,1443314
3,-3,0,300.542,192.099,331.023,1443315
2,3,2,140.412,275.906,292.217,1443316
2,-3,-2,73.971,226.947,128.116,1443317
-3,2,-1,68.714,187.815,348.212,1443318
-2,1,0,161.165,307.607,169.585,1443319
0,-1,-3,163.2,31.998,306.888,1443320
1,-4,2,127.217,359.81,56.227,1443321
-1,-3,1,358.413,356.163,95.642,1443322
-4,-2,2,57.443,124.897,233.835,1443323
2,0,-2,93.956,39.485,254.626,1443324
1,3,0,17.352,45.459,196.252,1443325
1,0,0,92.68,147.332,34.989,1443326
1,-4,1,265.529,138.268,300.07,1443327
1,-2,-2,82.019,332.733,13.801,1443328
0,3,2,152.167,355.5,171.065,1443329
2,-1,3,189.241,245.244,65.286,1443330
-2,-4,-3,150.83,147.043,89.356,1443331
-2,-3,-3,69.875,187.611,340.442,1443332
2,-4,1,51.913,114.27,205.152,1443333
0,-1,-1,221.182,60.256,303.109,1443334
2,-2,-3,18.576,344.41,124.064,1443335
-3,-3,2,98.905,195.75,318.391,1443336
-3,-3,0,183.771,37.966,176.19,1443337
1,-2,-4,155.719,192.532,140.036,1443338
-1,-1,-3,142.408,311.045,326.764,1443339
3,3,0,227.699,228.138,286.14,1443340
0,-2,0,14.583,106.127,219.75,1443341
0,1,-2,297.03,263.497,270.631,1443342
-1,0,-4,136.836,234.057,270.13,1443343
-3,0,-2,279.02,2.747,130.241,1443344
-4,2,1,253.726,268.021,300.827,1443345
-3,-4,-3,95.343,208.388,112.448,1443346
3,-1,-1,265.095,280.03,202.421,1443347
1,-1,-1,311.569,14.51,166.317,1443348
1,-4,-1,310.249,158.063,106.297,1443349
1,2,3,16.333,13.339,124.615,1443350
0,3,-4,79.604,133.18,292.831,1443351
-1,1,2,210.7,84.212,192.251,1443352
3,-1,1,175.419,14.283,217.687,1443353
-2,-2,-4,178.121,67.435,223.476,1443354
-2,3,3,177.412,225.364,326.038,1443355
2,-1,-2,162.089,168.913,278.306,1443356
0,0,-1,359.966,149.636,268.886,1443357
1,1,0,194.499,209.793,86.13,1443358
-3,-4,0,194.711,257.494,39.812,1443359
3,1,2,207.857,76.074,282.847,1443360
2,3,2,283.393,109.132,130.692,1443361
-2,-2,-1,169.748,42.638,51.48,1443362
0,-3,-1,336.784,224.104,17.232,1443363
3,-2,-1,138.246,150.21,267.031,1443364
-2,-1,-1,334.993,95.309,296.143,1443365
-1,3,-1,226.624,214.505,106.64,1443366
-4,3,2,172.894,72.772,308.172,1443367
3,0,0,139.993,253.527,126.035,1443368
3,-2,-4,230.529,90.997,347.055,1443369
2,2,-1,348.007,219.215,259.617,1443370
1,-3,0,0.352,153.599,121.878,1443371
0,1,-3,358.939,277.785,299.537,1443372
2,-3,1,108.515,141.966,27.52,1443373
-1,-4,0,159.248,220.679,112.013,1443374
1,0,-2,137.775,310.218,332.003,1443375
3,-4,-3,146.432,228.43,212.424,1443376
3,-1,2,61.424,196.175,209.962,1443377
-4,-4,-1,220.741,51.147,319.816,1443378
3,1,-2,141.369,213.845,208.683,1443379
1,1,-2,37.894,95.325,214.139,1443380
-2,1,0,27.168,2.315,180.445,1443381
-3,-4,0,305.619,267.059,127.222,1443382
3,2,-2,274.939,247.915,257.187,1443383
1,2,-2,108.793,107.452,126.597,1443384
3,-4,0,252.819,325.645,102.578,1443385
2,-4,-2,129.634,316.538,89.673,1443386
1,-4,-2,195.101,257.765,304.825,1443387
-4,-2,-1,302.78,272.927,121.986,1443388
-3,0,-4,341.418,209.478,310.61,1443389
3,0,0,234.554,358.472,39.464,1443390
-3,-3,-1,175.309,225.262,57.94,1443391
1,2,2,359.367,109.753,308.803,1443392
0,-3,1,179.926,50.404,133.848,1443393
1,2,0,309.78,280.534,117.717,1443394
2,1,-4,283.838,233.939,85.428,1443395
-1,-4,-1,189.401,72.791,314.295,1443396
-3,-2,0,254.414,253.53,315.122,1443397
-2,-3,-2,100.829,187.316,201.736,1443398
3,2,-2,20.941,296.233,249.588,1443399
0,2,0,289.383,47.312,299.519,1443400
-2,2,-2,67.743,104.77,297.123,1443401
2,2,2,114.457,103.237,186.935,1443402
-1,0,-3,130.383,61.019,281.422,1443403
1,1,-2,227.389,112.267,238.243,1443404
-2,3,1,293.436,246.202,347.801,1443405
3,-2,3,78.013,290.107,88.303,1443406
0,-2,0,146.969,0.105,317.098,1443407
2,3,2,146.408,84.288,229.737,1443408
-4,3,0,96.585,231.732,27.465,1443409
1,0,-4,226.188,99.494,142.117,1443410
-2,1,2,106.045,162.59,316.127,1443411
1,-4,-2,148.038,24.87,21.455,1443412
0,3,0,94.767,44.107,248.303,1443413
3,3,-4,133.77,209.623,275.243,1443414
1,-3,3,44.95,175.714,307.169,1443415
0,-2,-2,262.673,218.411,58.383,1443416
-4,1,-1,267.991,25.166,246.463,1443417
-1,1,-1,159.219,289.362,327.12,1443418
-4,1,1,290.043,146.779,125.196,1443419
-3,0,-1,264.806,161.352,146.031,1443420
3,-2,3,149.701,255.589,30.055,1443421
2,2,-1,161.935,160.343,265.435,1443422
2,1,-3,40.775,101.632,229.607,1443423
-4,2,2,52.228,228.864,46.424,1443424
2,0,0,323.213,191.762,93.895,1443425
-4,-3,0,23.473,330.375,332.071,1443426
0,-4,-2,47.449,234.177,235.879,1443427
3,-1,2,212.836,36.835,170.934,1443428
-1,-2,1,264.911,319.88,348.043,1443429
0,3,0,236.93,110.315,137.075,1443430
-4,-1,3,56.998,296.611,282.146,1443431
0,2,2,70.646,53.933,135.28,1443432
3,-1,0,98.025,82.844,316.49,1443433
-2,-4,-4,256.053,352.366,154.534,1443434
-2,2,1,214.637,18.067,63.34,1443435
1,2,-4,91.514,298.916,325.418,1443436
-2,1,-2,106.668,52.841,192.514,1443437
0,-2,-4,171.366,283.75,207.811,1443438
1,-3,3,298.601,311.01,332.467,1443439
2,-3,-2,78.547,326.473,77.377,1443440
3,-4,2,60.552,267.33,309.414,1443441
3,1,-2,24.726,314.048,250.473,1443442
2,2,-3,349.481,202.109,31.768,1443443
-4,0,3,102.291,29.673,0.981,1443444
0,-4,-4,164.54,279.81,317.693,1443445
-2,-4,-3,101.953,164.667,96.403,1443446
0,2,-3,89.867,155.895,266.825,1443447
-2,0,0,185.079,280.078,314.373,1443448
-1,0,1,337.324,322.597,287.746,1443449
1,1,-1,263.389,45.641,297.23,1443450
-1,0,-4,91.485,95.52,330.829,1443451
-1,3,-2,239.116,47.23,251.408,1443452
2,1,3,230.097,209.089,317.867,1443453
2,-2,-4,82.258,247.85,192.047,1443454
0,-2,3,274.646,143.027,153.437,1443455
-2,1,-2,133.35,75.966,268.83,1443456
-2,-3,0,118.359,324.399,266.456,1443457
-3,1,3,133.643,172.376,58.174,1443458
2,-3,-3,158.284,266.95,165.761,1443459
-3,-3,-1,342.013,88.639,52.08,1443460
-2,2,2,180.999,351.619,102.156,1443461
-2,2,-3,170.156,92.627,39.262,1443462
-2,0,-2,236.922,221.649,290.263,1443463
-4,1,-2,283.119,140.548,152.238,1443464
-2,3,2,76.93,230.11,325.651,1443465
-1,3,0,201.462,347.413,354.97,1443466
2,-2,-2,275.699,35.842,329.935,1443467
1,-3,1,227.38,169.28,191.442,1443468
-1,1,-1,312.101,14.979,224.858,1443469
-2,-2,0,164.293,231.033,325.933,1443470
1,2,-3,267.197,186.27,69.945,1443471
2,2,0,348.373,116.054,205.246,1443472
1,0,2,115.656,75.089,49.425,1443473
-1,-4,3,215.134,42.133,256.302,1443474
-4,0,-4,286.727,314.781,29.348,1443475
1,-2,0,101.172,123.231,151.661,1443476
-4,2,-1,348.56,315.784,273.95,1443477
0,-2,-4,258.864,206.011,5.364,1443478
-3,-1,2,119.469,335.261,335.479,1443479
-4,-4,-1,79.051,288.596,44.527,1443480
3,-3,-2,352.212,82.625,86.069,1443481
-2,-2,-4,178.264,121.033,136.68,1443482
-1,-3,1,220.424,92.853,130.894,1443483
-1,0,1,187.035,84.577,155.408,1443484
-1,2,3,47.261,258.441,104.202,1443485
2,-3,-2,8.621,294.581,177.993,1443486
-3,-4,-4,320.773,208.296,117.859,1443487
-1,-3,-3,271.741,16.28,232.515,1443488
2,-2,-2,239.051,108.505,81.658,1443489
-1,-2,0,264.297,235.905,246.142,1443490
-3,1,-2,281.873,230.504,256.174,1443491
-2,2,-3,18.923,182.553,276.649,1443492
1,0,-4,206.736,50.078,135.28,1443493
-3,2,-1,123.29,2.42,244.315,1443494
0,-4,0,22.677,8.805,341.944,1443495
1,-4,-3,39.947,289.822,230.793,1443496
0,3,-4,28.203,341.625,5.319,1443497
1,0,1,225.259,310.113,93.881,1443498
1,-2,-2,88.524,82.767,161.367,1443499
2,2,1,177.951,40.047,3.474,1443500
1,-3,-4,121.305,148.029,198.787,1443501
2,3,-1,222.295,335.299,23.701,1443502
-4,-2,-4,35.057,263.757,148.619,1443503
-4,2,3,22.607,56.87,264.805,1443504
3,1,-3,198.915,271.311,297.189,1443505
3,1,-1,230.029,310.17,53.562,1443506
-4,1,-3,205.876,40.677,248.749,1443507
-3,2,-4,149.225,166.996,205.845,1443508
-4,-1,3,76.121,194.086,98.202,1443509
1,1,1,351.527,98.164,151.003,1443510
1,1,1,18.975,94.13,211.069,1443511
2,2,2,144.046,157.221,243.725,1443512
-1,2,2,174.31,242.951,59.781,1443513
2,-1,-3,328.107,154.321,195.519,1443514
1,0,-2,242.577,55.703,168.944,1443515
-3,0,-1,359.062,124.29,331.812,1443516
-3,1,-2,72.407,56.168,120.215,1443517
-3,-2,0,148.407,351.595,122.91,1443518
3,-4,-3,283.65,41.316,45.276,1443519
-1,-1,1,91.806,89.902,150.255,1443520
1,3,-4,275.41,258.981,283.365,1443521
0,-3,-3,180.766,87.139,205.601,1443522
-2,-3,-2,116.327,72.279,54.186,1443523
-3,0,-2,291.332,246.258,16.2,1443524
-3,-1,-4,149.336,289.302,128.307,1443525
-1,1,-1,214.925,316.885,188.466,1443526
3,-4,3,217.783,189.671,253.488,1443527
0,0,2,121.353,138.713,25.358,1443528
0,-4,2,276.843,286.323,119.56,1443529
-1,2,3,56.905,137.788,291.534,1443530
-2,2,-1,60.06,203.239,36.951,1443531
-2,2,2,11.576,273.544,34.507,1443532
2,-4,-1,63.179,187.201,116.228,1443533
0,-1,3,72.931,13.486,181.326,1443534
-2,3,-4,155.904,144.834,307.908,1443535
-1,-4,-4,184.314,194.444,334.336,1443536
-2,0,-2,139.902,298.341,212.783,1443537
3,3,-2,4.128,242.329,297.781,1443538
-2,1,2,352.922,99.625,111.734,1443539
3,3,-1,27.452,139.887,304.735,1443540
2,1,-4,182.211,298.82,258.775,1443541
-4,-2,-1,3.412,123.617,71.697,1443542
1,-2,-1,117.884,282.007,331.663,1443543
-2,-2,-4,68.663,6.248,117.604,1443544
0,-2,-4,307.618,27.304,214.86,1443545
1,-1,1,53.42,313.884,58.514,1443546
2,-1,0,25.784,118.887,21.941,1443547
2,0,2,56.646,259.635,238.313,1443548
2,-4,1,313.667,339.867,275.404,1443549
2,-4,-2,78.139,324.509,280.536,1443550
-3,3,-3,166.164,101.105,353.535,1443551
-1,-4,-3,297.699,165.397,1.408,1443552
-2,2,1,34.81,187.489,96.011,1443553
-3,3,-4,254.84,297.675,217.802,1443554
1,-2,-4,6.003,276.754,334.046,1443555
-2,-1,3,342.132,65.314,145.753,1443556
-4,-2,1,105.631,298.362,80.703,1443557
2,-2,3,96.917,70.046,114.532,1443558
2,0,1,142.748,101.41,129.485,1443559
-3,1,-2,222.338,47.584,346.016,1443560
2,2,3,338.441,223.938,356.587,1443561
2,3,-2,71.772,330.731,31.162,1443562
2,0,-1,8.831,256.305,25.844,1443563
-1,2,-3,118.563,313.365,331.641,1443564
-1,3,-2,260.15,169.668,208.136,1443565
-4,-1,-2,272.03,149.665,174.678,1443566
1,2,1,38.41,238.885,167.375,1443567
2,3,2,31.853,99.605,277.725,1443568
3,2,2,349.769,79.701,153.078,1443569
-3,2,-2,246.048,257.773,126.593,1443570
-2,-1,0,276.001,222.044,268.492,1443571
-4,-1,-2,66.064,250.334,317.923,1443572
-1,2,-3,300.107,270.287,254.873,1443573
-1,3,-4,222.834,305.376,244.784,1443574
1,-2,1,130.074,31.862,218.091,1443575
-4,3,-3,151.913,77.78,310.48,1443576
3,-3,2,124.071,165.368,8.798,1443577
0,-1,-3,308.189,274.764,105.512,1443578
2,-2,-1,192.377,47.504,12.836,1443579
3,-4,2,135.87,43.061,159.259,1443580
2,0,-1,170.242,37.528,308.136,1443581
-1,0,-1,202.789,158.722,199.679,1443582
0,-1,-2,70.076,43.142,167.925,1443583
0,1,3,182.833,74.92,65.563,1443584
-4,-4,1,189.402,85.103,291.512,1443585
-4,0,-4,303.926,304.609,106.281,1443586
-1,-4,3,161.649,73.152,330.416,1443587
1,3,-3,141.732,115.587,203.448,1443588
3,-3,2,164.906,231.164,101.317,1443589
2,2,2,50.165,56.341,82.356,1443590
-4,-3,2,170.233,234.458,208.208,1443591
1,-1,2,156.955,206.826,190.225,1443592
-4,3,-1,259.268,63.858,155.823,1443593
1,-1,-1,353.277,250.844,227.455,1443594
3,3,-4,213.514,314.125,106.473,1443595
-4,0,3,273.314,241.402,206.058,1443596
1,2,1,258.308,8.259,231.914,1443597
1,1,-1,313.955,187.34,319.452,1443598
3,0,0,258.344,249.932,102.251,1443599
3,-3,-4,109.748,188.577,178.67,1443600
-2,-3,-1,14.784,43.183,111.55,1443601
1,-2,-1,36.458,129.815,133.203,1443602
-4,3,1,52.145,248.691,80.415,1443603
-2,2,0,18.003,148.447,122.23,1443604
-3,0,0,190.771,215.261,13.69,1443605
-3,-3,-1,339.91,56.295,60.471,1443606
-3,2,1,232.28,42.537,42.454,1443607
-2,3,0,231.936,267.298,164.054,1443608
-1,3,-3,211.405,272.169,297.156,1443609
-3,-2,3,331.838,65.201,96.113,1443610
-1,1,3,270.653,147.995,356.077,1443611
1,-1,-1,189.803,299.035,236.372,1443612
0,-4,2,174.506,149.944,298.455,1443613
2,-1,2,114.423,49.359,3.686,1443614
-2,-1,2,76.909,236.581,200.499,1443615
1,3,0,198.981,304.775,44.914,1443616
2,2,-2,187.591,124.714,274.491,1443617
3,1,3,242.265,134.555,84.041,1443618
0,3,3,264.269,46.199,140.38,1443619
-4,-1,1,276.344,51.64,262.128,1443620
3,3,-1,249.311,158.569,240.499,1443621
-2,-4,-3,190.396,65.542,9.169,1443622
-4,2,-1,134.908,218.103,159.838,1443623
-1,-2,-3,4.953,350.452,138.522,1443624
2,3,-4,218.58,102.938,301.135,1443625
1,-4,-1,334.461,307.392,235.788,1443626
2,2,3,39.834,58.919,212.666,1443627
0,1,-3,98.865,189.497,43.504,1443628
-2,-1,3,149.938,184.962,315.354,1443629
2,1,3,69.116,148.69,120.569,1443630
-1,-4,3,319.788,221.717,166.936,1443631
-1,-4,1,100.093,212.859,95.631,1443632
2,1,1,261.454,136.394,289.942,1443633
2,1,-2,7.226,191.998,9.531,1443634
-3,1,-3,54.651,103.514,255.477,1443635
2,-4,3,58.735,71.501,238.889,1443636
-4,-2,-4,349.251,312.125,180.249,1443637
-2,-2,-1,157.331,242.826,153.39,1443638
2,0,2,350.363,22.578,260.51,1443639
1,-4,0,42.051,290.12,241.306,1443640
-1,-3,3,82.864,271.452,130.687,1443641
0,-4,1,36.751,304.074,162.752,1443642
-2,-4,0,221.276,12.38,68.515,1443643
-2,0,-1,182.962,356.379,36.062,1443644
2,0,-2,49.783,291.535,295.013,1443645
2,0,-1,42.784,168.444,65.587,1443646
2,-4,-4,51.832,235.126,193.954,1443647
-4,2,2,83.706,333.52,77.413,1443648
-2,2,0,305.896,260.82,81.343,1443649
3,2,3,173.209,159.586,192.976,1443650
-2,1,2,225.626,53.903,150.385,1443651
1,2,3,193.662,225.02,331.842,1443652
1,3,0,275.909,107.349,348.692,1443653
-1,3,-4,124.033,186.397,163.665,1443654
2,2,-1,173.564,314.181,182.249,1443655
3,-2,0,5.146,295.047,188.242,1443656
1,-2,-2,152.233,239.485,93.098,1443657
-4,-2,2,187.517,35.701,61.18,1443658
-2,-4,0,193.326,26.632,283.677,1443659
1,1,-3,121.118,53.932,153.703,1443660
-2,3,-3,240.666,311.484,294.671,1443661
-3,0,-1,30.808,120.048,212.868,1443662
3,3,-1,278.775,38.281,164.765,1443663
-1,0,-4,30.265,1.669,64.357,1443664
-4,3,-3,324.607,313.359,288.47,1443665
0,2,-3,341.433,157.979,11.271,1443666
-4,0,3,158.741,62.449,82.884,1443667
-3,-3,2,120.069,335.869,57.87,1443668
0,0,2,16.549,161.13,206.723,1443669
0,-2,-4,257.818,13.721,12.327,1443670
-1,-4,1,179.646,277.671,248.511,1443671
-1,-4,3,210.639,91.249,326.477,1443672
0,1,-4,261.778,246.14,163.18,1443673
1,-3,-3,357.053,136.464,175.048,1443674
-2,-3,-1,262.317,202.462,84.184,1443675
-2,2,-2,18.786,25.482,297.423,1443676
3,2,-4,177.705,67.744,129.242,1443677
3,1,-3,138.838,209.581,266.376,1443678
-2,-4,1,305.611,58.531,102.432,1443679
3,0,2,227.76,151.536,65.024,1443680
-4,2,2,44.743,17.254,255.967,1443681
1,1,1,219.589,74.136,19.841,1443682
-3,1,2,170.07,101.924,187.468,1443683
-1,3,3,51.07,227.9,140.531,1443684
3,3,3,261.255,32.787,303.314,1443685
1,2,3,96.185,300.196,308.269,1443686
-1,0,-4,202.039,268.788,337.343,1443687
-1,0,-2,176.825,334.801,285.182,1443688
1,-3,3,309.081,254.364,88.604,1443689
1,-4,-1,349.538,250.383,313.923,1443690
-3,-1,-4,181.838,152.842,188.398,1443691
1,-4,-2,144.127,346.874,55.611,1443692
2,-3,2,237.938,164.828,232.235,1443693
-1,-4,0,261.085,286.183,225.85,1443694
-2,-3,0,33.535,255.258,287.653,1443695
3,3,-2,109.35,178.336,242.548,1443696
-3,-2,-4,231.68,245.805,232.103,1443697
3,3,1,22.932,197.911,285.49,1443698
1,1,2,76.064,275.965,292.621,1443699
2,3,-2,72.16,65.395,109.134,1443700
-4,3,-3,199.323,6.896,31.156,1443701
-4,-2,1,90.312,350.366,246.857,1443702
-4,-2,0,244.821,281.96,274.582,1443703
-4,-1,3,35.199,22.389,52.292,1443704
-4,1,1,167.302,233.413,33.881,1443705
-3,-3,0,85.251,281.5,201.83,1443706
3,2,-1,237.413,42.741,16.087,1443707
3,-1,0,289.684,208.327,256.059,1443708
2,2,-1,253.329,171.443,37.158,1443709
-3,-4,-2,105.032,158.366,354.648,1443710
-1,-4,0,251.97,19.96,9.353,1443711
3,-1,0,45.335,97.678,354.917,1443712
2,1,1,331.664,327.873,93.857,1443713
-2,-4,2,148.181,124.873,3.466,1443714
1,2,2,258.721,238.147,138.201,1443715
-1,-4,3,139.954,86.986,221.887,1443716
1,-2,-4,274.153,100.485,262.004,1443717
1,-2,-4,326.341,274.351,158.904,1443718
-4,0,-3,205.296,223.756,163.197,1443719
-3,-2,-1,319.501,89.923,35.06,1443720
-4,-3,1,256.268,114.157,238.28,1443721
-2,3,-3,237.994,194.051,298.994,1443722
-1,0,-4,182.507,48.691,75.488,1443723
-1,3,-1,239.833,323.529,94.659,1443724
-4,-3,-3,165.888,326.462,34.881,1443725
2,-1,-1,21.544,245.052,20.421,1443726
-2,3,-4,257.857,8.799,240.108,1443727
1,-4,-1,329.3,349.929,132.311,1443728
3,-2,-4,344.46,89.86,94.227,1443729
2,2,2,136.243,125.59,0.085,1443730
-2,0,-1,259.026,33.473,29.744,1443731
3,2,-3,77.535,283.649,14.633,1443732
-2,-2,-4,85.443,34.203,281.917,1443733
-4,-4,1,326.236,305.606,197.696,1443734
-2,-1,-3,184.865,68.951,38.58,1443735
-3,1,1,347.6,315.49,9.757,1443736
-3,3,2,2.147,267.781,191.636,1443737
2,-4,2,26.197,202.712,4.999,1443738
-1,1,-2,213.657,50.772,171.741,1443739
0,-4,-2,37.342,303.46,1.923,1443740
1,0,1,359.211,71.581,324.196,1443741
-4,0,2,205.937,262.964,62.067,1443742
1,-4,-2,358.702,154.445,213.275,1443743
-2,-4,1,342.079,135.86,220.525,1443744
-2,3,3,33.995,59.134,87.857,1443745
1,-4,-3,58.41,93.455,264.852,1443746
2,1,-3,101.415,202.088,323.087,1443747
2,3,-4,17.246,104.658,341.646,1443748
-2,-1,0,232.004,292.621,147.939,1443749
-1,2,-4,320.039,6.496,280.04,1443750
-1,-3,2,196.786,253.519,173.504,1443751
1,1,2,136.68,68.392,48.804,1443752
-3,-1,-2,4.185,304.406,183.281,1443753
2,2,0,50.939,306.602,207.146,1443754
2,-2,1,163.064,257.258,28.664,1443755
0,-1,-3,62.99,277.499,115.266,1443756
-3,3,-2,104.85,292.183,289.476,1443757
1,-3,-1,79.57,181.273,341.678,1443758
-3,-3,-4,39.745,247.39,122.458,1443759
-2,2,-1,344.335,20.274,76.461,1443760
-2,-4,0,237.89,72.19,221.525,1443761
1,-2,-2,318.099,277.749,62.335,1443762
-4,-1,-4,281.717,151.459,197.226,1443763
-1,-2,0,244.195,291.299,330.257,1443764
-1,3,-2,269.243,204.195,199.332,1443765
-2,-3,-4,335.572,224.923,59.885,1443766
1,-1,-3,323.799,287.226,105.545,1443767
3,2,-2,351.421,142.431,232.391,1443768
3,1,3,14.869,167.34,196.477,1443769
-3,0,-1,226.363,143.237,35.951,1443770
3,0,-4,135.923,164.852,293.381,1443771
0,2,-4,82.395,28.526,124.539,1443772
3,-4,-3,82.319,285.217,338.204,1443773
-2,-2,0,209.537,198.915,355.163,1443774
-3,-2,3,140.214,111.076,130.588,1443775
1,2,3,270.328,89.037,94.49,1443776
-1,1,-2,329.774,327.218,170.821,1443777
-2,1,-3,49.123,106.726,359.897,1443778
-1,-1,1,19.291,265.991,349.617,1443779
-2,-1,3,317.083,133.012,39.576,1443780
2,2,0,190.698,342.423,351.357,1443781
-1,1,1,99.094,17.819,73.073,1443782
3,2,1,42.203,160.91,330.314,1443783
2,-4,-1,95.506,188.423,331.314,1443784
3,-1,0,224.953,218.587,287.53,1443785
3,-3,-4,234.344,311.147,124.359,1443786
1,2,-1,357.169,22.077,151.517,1443787
0,3,-1,29.027,334.256,151.131,1443788
-2,0,-4,225.234,120.989,73.027,1443789
-3,3,0,108.916,106.57,212.626,1443790
1,-2,3,5.213,116.382,92.325,1443791
-3,-2,-2,116.336,315.495,198.751,1443792
2,2,-2,118.566,126.594,137.425,1443793
0,3,1,336.376,147.441,348.171,1443794
-1,-4,-2,114.202,285.136,313.386,1443795
-2,-3,0,219.514,359.813,351.022,1443796
-4,-2,2,18.489,169.793,13.61,1443797
-3,2,-2,48.242,74.478,245.981,1443798
-1,-2,3,71.01,276.929,34.598,1443799
-2,-2,2,91.238,212.426,299.937,1443800
2,-3,2,161.593,66.399,325.453,1443801
0,3,3,240.929,283.539,147.13,1443802
0,-3,-1,135.103,168.05,354.478,1443803
0,2,-3,255.929,266.387,46.123,1443804
2,-3,-1,278.345,269.164,147.546,1443805
-2,-1,0,332.006,244.315,289.476,1443806
2,-4,-3,205.905,161.915,72.088,1443807
-1,-3,1,260.402,174.975,145.022,1443808
-3,-3,-1,217.284,13.346,354.896,1443809
1,-2,0,133.125,190.005,120.558,1443810
-3,-3,2,295.032,295.569,158.192,1443811
-4,-1,2,100.066,24.827,155.959,1443812
-4,1,-2,333.642,39.975,267.334,1443813
2,3,1,273.482,5.722,109.159,1443814
0,2,-1,29.259,154.373,109.666,1443815
-1,-2,-2,69.466,225.753,262.278,1443816
0,-2,3,103.794,1.947,287.53,1443817
1,-3,-2,330.838,115.773,172.656,1443818
0,3,-2,345.321,150.008,22.298,1443819
-2,-2,-1,117.453,117.378,322.258,1443820
-1,-4,-3,138.739,178.761,61.323,1443821
2,2,-4,160.104,332.647,225.077,1443822
2,0,2,325.266,17.482,336.737,1443823
0,-3,-2,344.652,105.419,168.272,1443824
-4,-2,2,45.732,100.986,301.714,1443825
1,3,0,69.861,282.573,170.866,1443826
-2,-3,2,169.095,81.587,130.224,1443827
3,-4,-3,182.174,322.372,106.256,1443828
-4,3,2,225.134,113.861,308.262,1443829
1,2,-1,173.385,300.074,181.064,1443830
-2,-4,3,324.568,120.915,143.665,1443831
-3,-3,3,219.777,122.698,204.619,1443832
1,2,1,157.221,272.639,293.151,1443833
-2,-4,2,51.913,352.765,211.555,1443834
1,-2,0,300.867,6.87,139.701,1443835
-3,1,3,79.211,300.233,64.684,1443836
0,2,3,23.768,107.877,240.852,1443837
3,-2,-4,182.841,277.139,299.358,1443838
2,1,3,259.39,82.515,136.839,1443839
1,0,2,337.976,62.202,348.918,1443840
0,-2,-1,10.747,232.734,31.659,1443841
3,1,2,24.456,167.823,127.274,1443842
-3,-1,-3,274.99,181.446,102.716,1443843
2,-1,3,152.075,148.463,74.988,1443844
-4,1,-1,31.906,93.701,299.233,1443845
1,2,-1,307.003,25.85,10.661,1443846
-3,-2,3,133.742,256.693,212.394,1443847
3,3,-4,134.141,72.491,311.664,1443848
3,-3,2,254.806,228.867,46.071,1443849
0,2,-4,221.084,199.454,312.457,1443850
-2,-2,-2,34.258,325.575,359.446,1443851
-4,1,3,210.315,111.994,282.207,1443852
1,1,3,38.129,259.163,216.323,1443853
-2,3,-4,103.13,250.927,220.171,1443854
-1,-4,1,98.56,32.132,210.868,1443855
0,2,-1,58.895,176.556,277.234,1443856
0,-1,1,114.944,105.463,253.388,1443857
-1,-4,-4,235.024,262.532,197.427,1443858
0,1,0,288.847,225.514,250.519,1443859
-4,3,-3,299.648,76.972,255.842,1443860
-4,0,2,100.49,107.189,90.413,1443861
0,-4,-4,16.62,28.204,47.697,1443862
-4,2,-3,249.591,75.813,49.369,1443863
-1,2,-1,221.79,177.198,342.562,1443864
1,-4,2,346.745,2.028,308.815,1443865
-1,-4,2,286.114,149.548,183.991,1443866
2,2,-1,277.873,152.594,20.425,1443867
1,-4,1,100.789,67.143,321.944,1443868
-2,3,2,336.25,262.46,44.511,1443869
3,-1,-4,98.453,65.073,181.861,1443870
0,0,0,205.38,84.826,318.232,1443871
0,-1,-3,344.136,142.747,0.889,1443872
3,2,1,239.67,187.217,24.185,1443873
0,1,-2,3.001,313.617,235.261,1443874
1,1,-2,131.59,59.251,358.601,1443875
-2,-1,-4,209.999,308.561,93.333,1443876
2,1,-3,359.079,80.71,152.248,1443877
-1,2,-3,10.819,148.23,83.244,1443878
3,2,-3,233.872,6.61,116.535,1443879
-2,-4,-3,83.815,138.59,23.955,1443880
1,-4,2,98.834,34.91,341.892,1443881
3,3,-1,353.06,170.394,278.962,1443882
3,-4,2,208.611,72.779,173.047,1443883
-1,2,3,178.295,245.103,285.122,1443884
0,-4,-4,12.972,79.536,274.479,1443885
-4,-1,2,3.201,333.522,251.108,1443886
-4,-3,-2,287.244,299.694,43.916,1443887
-4,0,0,348.831,97.547,241.874,1443888
1,-3,-1,154.136,84.702,309.14,1443889
1,-3,2,294.716,90.957,25.073,1443890
2,1,-2,141.395,107.153,269.564,1443891
3,-2,-4,138.794,353.914,41.83,1443892
-3,-4,1,199.834,275.238,60.674,1443893
-3,-3,3,75.694,234.752,54.097,1443894
1,-2,-4,145.744,312.053,243.559,1443895
3,3,2,83.748,249.332,152.352,1443896
-4,-4,1,157.886,214.263,343.434,1443897
-2,2,1,254.892,288.563,52.507,1443898
2,-2,2,187.613,330.097,88.435,1443899
2,-4,2,245.736,142.445,207.653,1443900
1,-4,-1,286.169,197.671,157.75,1443901
0,-3,1,103.174,105.266,16.745,1443902
3,1,2,53.963,345.381,222.846,1443903
-3,-3,-4,251.848,81.073,10.731,1443904
2,1,3,291.44,254.416,277.031,1443905
-4,-3,-1,79.126,355.85,167.309,1443906
-2,-1,3,199.291,101.184,311.611,1443907
-2,-4,-3,334.35,84.863,58.057,1443908
-3,3,0,26.726,317.328,111.427,1443909
-1,3,2,2.764,193.475,137.806,1443910
-2,1,-1,100.771,266.233,131.174,1443911
1,0,0,152.816,321.128,320.664,1443912
2,-4,-4,259.413,94.625,32.228,1443913
-3,1,1,46.801,333.837,327.771,1443914
2,-4,-1,166.812,150.643,139.123,1443915
-4,-4,0,268.486,107.185,138.11,1443916
1,1,-3,315.56,289.775,152.632,1443917
-3,-2,3,167.346,312.065,76.705,1443918
-3,-2,3,37.807,101.433,302.782,1443919
1,3,0,93.741,143.331,252.349,1443920
1,-3,-4,289.866,343.972,146.919,1443921
2,2,-2,233.449,59.804,246.257,1443922
2,2,-1,111.277,246.356,212.932,1443923
3,-3,2,38.358,55.239,319.639,1443924
1,0,2,254.075,92.952,305.815,1443925
-2,1,-4,286.737,226.982,134.483,1443926
1,3,0,17.325,258.95,220.011,1443927
3,-1,0,259.614,303.764,163.321,1443928
0,2,3,107.94,2.438,348.227,1443929
2,-1,2,323.995,261.561,137.974,1443930
-1,0,2,126.431,31.926,112.432,1443931
-1,-3,-1,312.276,174.23,201.957,1443932
-3,2,-3,270.399,22.591,48.366,1443933
-1,0,3,135.19,195.752,203.034,1443934
-2,-1,0,312.644,310.916,324.641,1443935
1,-1,3,45.756,86.943,182.72,1443936
0,0,-2,7.51,165.671,312.002,1443937
0,3,3,253.246,260.691,257.977,1443938
-1,2,0,112.724,103.454,299.006,1443939
-1,-3,3,343.002,310.727,343.934,1443940
0,-3,3,74.151,108.868,157.974,1443941
-2,3,2,54.067,87.217,36.472,1443942
3,-1,2,247.986,258.138,233.193,1443943
-2,-2,-2,118.872,257.805,245.748,1443944
-2,2,0,50.715,243.147,227.18,1443945
-2,0,-4,349.117,64.531,176.012,1443946
0,-3,-2,34.701,20.713,60.016,1443947
3,1,1,109.262,95.926,177.426,1443948
-4,-3,1,120.096,186.679,351.353,1443949
-3,3,-3,106.348,248.504,177.43,1443950
3,-1,-3,160.974,192.936,12.409,1443951
-2,-1,3,275.92,295.385,189.423,1443952
-2,2,-2,295.953,171.881,120.887,1443953
-2,-1,-3,208.47,158.947,184.914,1443954
-1,-4,1,181.261,254.189,127.992,1443955
2,3,-3,133.854,141.298,248.991,1443956
3,-1,1,108.46,9.342,50.047,1443957
3,3,-2,189.101,178.49,11.277,1443958
3,0,2,48.478,140.933,27.151,1443959
-3,-2,0,86.729,274.293,326.485,1443960
-3,-4,-1,173.897,62.023,94.004,1443961
-4,1,1,281.409,162.261,210.15,1443962
-1,3,-1,323.491,324.525,130.303,1443963
-1,1,3,318.262,65.994,351.01,1443964
-2,3,1,272.957,302.884,20.997,1443965
-3,-1,1,188.671,72.373,9.39,1443966
-2,3,-2,329.746,9.245,161.85,1443967
0,0,3,136.04,208.865,154.933,1443968
0,-1,1,131.018,318.137,162.066,1443969
-2,1,3,308.714,212.811,299.898,1443970
-3,-1,2,39.589,342.323,140.802,1443971
0,1,-3,54.662,346.314,108.485,1443972
2,2,3,357.487,101.834,267.377,1443973
-3,-1,3,253.587,159.768,327.716,1443974
1,-1,-2,205.299,33.22,51.206,1443975
-3,-3,-2,81.863,109.893,327.36,1443976
-2,-1,-3,46.125,326.35,350.544,1443977
-1,-1,2,169.441,179.007,160.51,1443978
3,0,-4,268.87,18.796,274.639,1443979
2,-3,-3,20.356,210.941,268.831,1443980
3,-2,-4,16.297,126.544,287.817,1443981
-3,1,-3,290.662,257.559,118.937,1443982
1,0,-2,179.179,171.87,30.192,1443983
0,-2,-1,139.246,295.099,10.212,1443984
1,-4,-2,27.465,335.553,33.272,1443985
-4,-1,-4,352.971,130.521,136.207,1443986
-1,-1,-1,277.147,135.419,55.537,1443987
-2,0,0,24.487,125.919,140.083,1443988
0,-3,-3,307.77,327.101,261.053,1443989
2,1,-3,58.037,159.336,201.948,1443990
0,3,-3,100.135,223.926,189.315,1443991
1,-2,-1,92.613,50.074,25.836,1443992
-3,-4,-1,210.423,81.126,20.758,1443993
1,-3,-1,145.38,284.262,288.27,1443994
-2,0,3,126.709,186.428,5.24,1443995
-4,-4,-4,350.364,282.345,246.372,1443996
0,0,-2,300.936,289.219,340.71,1443997
-3,-1,-1,70.06,323.789,346.754,1443998
1,3,-4,275.967,261.213,62.579,1443999
-3,1,-2,195.824,251.617,349.854,1444000
-3,0,2,13.105,334.487,265.558,1444001
-2,-4,0,192.787,304.477,338.18,1444002
-2,3,1,90.998,333.464,273.539,1444003
-1,0,-4,120.733,279.455,67.156,1444004
-4,-4,-2,10.583,308.954,12.231,1444005
-1,1,-3,138.826,47.618,165.3,1444006
2,-1,-2,105.833,28.547,59.466,1444007
-3,-3,0,307.37,39.487,9.741,1444008
-4,2,-4,69.18,54.235,61.684,1444009
-2,-4,-4,18.462,9.283,328.356,1444010
3,-2,-1,286.735,171.423,28.225,1444011
3,2,2,145.612,307.088,223.464,1444012
2,-3,-3,60.415,135.31,78.588,1444013
-1,0,-1,218.559,224.242,7.487,1444014
-4,-3,-2,271.301,12.373,70.572,1444015
-1,-3,3,67.591,146.423,255.306,1444016
3,3,-1,338.615,348.14,254.708,1444017
-4,-4,-2,36.815,120.034,293.624,1444018
3,0,-3,303.843,175.256,183.701,1444019
2,2,2,212.748,287.367,201.602,1444020
-4,-1,-2,3.25,257.861,130.555,1444021
-2,1,-3,148.319,7.754,284.437,1444022
-3,3,3,335.972,150.564,301.098,1444023
-2,-4,1,296.604,166.405,327.63,1444024
-2,2,1,12.32,53.033,25.93,1444025
-1,3,1,197.775,336.809,70.026,1444026
3,-1,1,43.493,34.667,133.6,1444027
1,0,2,121.19,234.673,285.525,1444028
0,0,-2,24.653,144.728,52.797,1444029
-4,-2,-3,46.405,243.166,312.891,1444030
2,1,1,141.019,197.188,176.822,1444031
1,-1,-2,139.262,237.13,291.489,1444032
3,-1,3,172.924,110.557,208.782,1444033
-1,1,-3,144.61,28.063,100.427,1444034
2,-1,-2,14.131,250.297,313.597,1444035
-2,1,-1,136.249,284.518,65.751,1444036
-3,-4,-2,98.738,283.918,347.315,1444037
0,3,3,53.044,29.801,197.984,1444038
0,-4,1,275.818,260.489,199.448,1444039
-1,-1,-2,306.476,307.906,300.966,1444040
2,-2,-3,290.162,125.06,317.054,1444041
-3,3,-1,249.92,13.992,272.493,1444042
-2,2,-4,118.063,243.31,274.095,1444043
-2,-3,-1,84.962,141.737,124.825,1444044
-2,0,-1,213.893,322.152,190.785,1444045
0,3,3,7.614,80.228,145.988,1444046
-3,-3,-3,175.324,40.706,97.833,1444047
1,0,-3,12.36,335.694,345.591,1444048
3,1,-2,38.544,245.613,33.806,1444049
-1,0,2,174.622,306.26,148.412,1444050
2,-4,-1,227.098,221.075,302.739,1444051
2,-3,-1,305.306,215.437,14.701,1444052
1,-2,1,250.081,200.399,245.376,1444053
-3,-1,-1,279.951,73.937,100.349,1444054
-1,-1,3,40.626,240.026,166.163,1444055
3,1,-1,58.608,67.939,315.649,1444056
-2,-2,0,196.859,259.049,236.998,1444057
0,1,-2,42.557,154.815,13.714,1444058
3,-3,-2,334.21,350.392,348.436,1444059
3,-4,3,242.832,336.662,76.045,1444060
2,-4,-4,180.281,355.355,165.023,1444061
-2,-2,0,243.345,222.11,156.951,1444062
-1,-4,-3,75.023,234.423,37.058,1444063
0,-3,-4,45.963,198.441,321.363,1444064
-3,-1,2,298.985,28.357,68.318,1444065
3,3,0,321.234,260.9,157.624,1444066
1,0,3,300.749,160.295,93.181,1444067
3,-3,0,18.499,320.924,179.135,1444068
1,1,-1,59.008,49.68,294.365,1444069
1,-3,-2,35.21,339.276,241.366,1444070
-1,-3,-4,131.957,212.481,138.667,1444071
-3,-4,0,67.794,165.81,204.977,1444072
1,1,0,182.483,350.319,195.894,1444073
-3,0,-1,74.749,348.887,356.775,1444074
-3,-1,-4,21.784,74.387,311.222,1444075
-1,2,-3,29.649,296.814,59.298,1444076
0,3,-1,348.431,290.23,194.544,1444077
1,-3,-2,189.978,149.564,12.543,1444078
-2,-3,1,211.917,57.41,139.28,1444079
1,2,3,114.207,257.613,320.634,1444080
-2,0,-3,91.401,171.036,296.231,1444081
-2,1,1,29.172,147.584,349.903,1444082
-1,-4,-4,217.716,85.789,353.09,1444083
-3,1,-3,104.735,351.462,51.024,1444084
-1,-2,3,137.799,237.429,357.056,1444085
-4,0,3,205.323,137.771,176.444,1444086
-3,-1,-1,296.113,185.911,167.666,1444087
0,-2,-2,78.786,289.373,339.087,1444088
1,2,0,223.996,77.377,287.696,1444089
0,-4,1,331.214,242.481,155.368,1444090
0,2,1,56.294,328.184,272.183,1444091
2,-4,-4,350.917,83.051,93.404,1444092
2,-1,-4,226.73,178.365,166.487,1444093
2,1,-3,121.144,232.027,231.361,1444094
-4,-3,3,154.297,231.596,235.647,1444095
-2,3,-4,120.266,176.692,202.788,1444096
2,-1,2,117.07,22.082,47.729,1444097
0,-4,0,199.909,127.9,58.212,1444098
3,0,-2,176.897,198.666,80.853,1444099
3,-3,0,57.562,147.263,254.91,1444100
1,-1,-3,306.086,330.902,211.91,1444101
-2,2,-3,212.774,109.001,283.863,1444102
0,2,2,209.385,317.708,69.36,1444103
-4,-3,-3,289.669,34.72,126.365,1444104
-2,-2,2,84.535,37.137,94.738,1444105
-4,-3,3,304.957,278.591,103.057,1444106
-1,3,2,213.755,163.37,349.813,1444107
0,-2,-3,290.459,222.057,61.605,1444108
-2,3,-2,305.638,227.241,342.717,1444109
1,-2,-4,263.697,190.063,250.83,1444110
1,-1,-3,45.17,43.157,103.824,1444111
2,-1,-1,225.184,344.101,275.425,1444112
-4,-2,0,324.58,158.654,157.179,1444113
2,-4,-1,197.207,259.002,194.702,1444114
0,-4,-1,129.348,210.0,130.202,1444115
-3,1,1,336.165,252.387,49.89,1444116
-1,0,3,92.785,19.817,334.576,1444117
0,1,-1,269.345,312.078,258.822,1444118
0,-3,1,259.482,142.446,324.952,1444119
-3,1,-1,264.022,195.633,248.444,1444120
-4,0,-3,205.664,180.328,204.298,1444121
-3,-2,1,110.931,197.234,286.855,1444122
-4,-1,1,333.601,331.127,5.095,1444123
-2,2,-4,334.647,87.75,336.783,1444124
-2,-1,3,189.782,296.235,245.453,1444125
-3,-1,-1,194.697,218.17,356.582,1444126
2,2,-2,288.21,243.299,320.426,1444127
2,2,3,309.061,26.646,310.649,1444128
-2,1,1,92.712,214.972,168.983,1444129
0,3,-3,72.224,49.448,109.708,1444130
3,3,3,177.682,138.015,229.652,1444131
1,2,3,274.439,342.623,238.803,1444132
-1,-4,-2,124.477,94.034,149.225,1444133
-1,-1,-4,20.56,17.73,23.578,1444134
-1,-2,-2,48.972,33.807,320.521,1444135
3,1,-4,21.247,65.399,297.48,1444136
-3,1,-3,280.773,24.74,20.119,1444137
-3,1,0,337.208,354.189,124.937,1444138
-1,-1,2,17.903,117.205,345.79,1444139
-1,-3,2,156.559,79.155,317.961,1444140
2,-4,-4,12.178,173.988,354.593,1444141
-1,1,-4,126.465,2.497,267.559,1444142
2,2,-1,196.96,16.279,154.446,1444143
1,-4,2,23.538,248.546,48.915,1444144
-1,-4,2,87.329,303.764,337.332,1444145
-1,0,2,31.924,2.867,269.598,1444146
1,-2,-1,211.781,340.501,168.305,1444147
-3,2,2,333.998,294.658,101.062,1444148
-4,-1,-4,260.649,68.089,21.23,1444149
1,-4,1,165.074,223.704,323.482,1444150
-1,3,-2,91.556,291.977,318.866,1444151
-2,0,-2,230.394,47.917,181.049,1444152
1,-4,-2,243.605,82.786,94.866,1444153
3,3,0,27.244,113.903,356.313,1444154
0,-4,-4,169.473,304.869,147.235,1444155
2,-1,2,247.976,196.552,191.355,1444156
1,-2,1,36.975,48.816,28.062,1444157
1,3,3,96.202,252.14,295.152,1444158
-4,-1,2,345.311,122.183,241.794,1444159
0,1,3,336.551,260.178,246.791,1444160
1,-1,2,167.243,85.974,345.893,1444161
-3,-4,-3,264.082,65.484,106.818,1444162
-4,-1,-3,173.485,224.561,216.544,1444163
1,-3,1,322.105,212.749,56.678,1444164
-4,-4,0,153.633,35.874,132.075,1444165
-2,-2,1,0.322,161.97,140.447,1444166
2,-2,-3,24.006,221.927,227.418,1444167
3,-1,0,207.548,273.053,97.24,1444168
-1,-3,-2,187.543,50.095,28.821,1444169
-2,-2,0,15.27,206.325,256.538,1444170
-3,-1,-2,175.085,128.504,90.23,1444171
3,-1,-1,188.158,333.63,354.604,1444172
3,0,-1,248.831,5.843,291.604,1444173
-1,-1,-1,329.534,9.603,188.545,1444174
1,1,-3,341.454,4.324,61.878,1444175
-3,-4,0,111.961,80.402,297.417,1444176
-2,-3,3,62.955,196.107,82.879,1444177
-4,0,1,352.714,299.687,162.908,1444178
2,-1,3,277.888,230.167,184.232,1444179
-2,-3,2,24.352,203.62,41.523,1444180
2,3,-1,133.518,349.646,225.702,1444181
-4,-3,1,359.99,154.476,46.964,1444182
-3,3,0,48.036,318.022,293.247,1444183
2,-4,-3,97.788,108.104,240.655,1444184
-3,-3,-3,58.431,178.23,294.844,1444185
-2,-2,-1,90.419,312.214,162.651,1444186
-3,2,-1,359.255,11.263,203.66,1444187
-1,0,-4,208.906,110.697,87.559,1444188
2,0,-3,118.05,332.335,61.683,1444189
-1,-3,-4,202.116,174.751,17.471,1444190
-3,-4,-2,177.402,1.938,305.661,1444191
3,3,1,229.391,294.224,22.82,1444192
-1,-3,-1,320.567,18.613,43.101,1444193
2,3,-3,264.505,20.42,154.703,1444194
-3,-2,-2,188.873,87.957,36.167,1444195
-2,-4,-3,246.343,320.438,24.783,1444196
-1,1,-1,260.562,146.692,358.518,1444197
-1,2,-1,293.928,346.594,41.454,1444198
-4,-3,2,21.209,224.699,150.011,1444199
1,3,3,342.838,194.159,59.287,1444200
-2,2,0,153.924,345.879,4.17,1444201
-4,0,0,17.896,347.328,226.332,1444202
-4,-2,-4,92.667,258.561,52.657,1444203
-4,-1,-1,234.414,8.795,17.56,1444204
-3,-1,1,140.326,18.313,9.763,1444205
-3,-1,-3,52.676,272.306,349.705,1444206
0,0,-2,236.67,286.17,343.461,1444207
2,1,-4,190.818,119.014,354.516,1444208
3,-2,-3,356.27,35.004,307.562,1444209
-1,2,-4,203.842,333.517,302.331,1444210
-4,3,3,78.272,163.704,151.408,1444211
1,-3,2,103.957,322.349,121.209,1444212
3,0,-3,133.526,187.553,142.096,1444213
-4,-2,0,229.139,22.409,266.605,1444214
0,-2,3,55.497,63.423,323.68,1444215
-2,1,-2,308.859,209.618,103.606,1444216
0,-2,-3,186.873,349.503,151.0,1444217
-2,0,2,39.721,239.289,339.481,1444218
0,1,2,279.545,196.357,92.191,1444219
-2,-3,-3,156.224,115.777,319.6,1444220
3,3,-2,137.817,192.222,55.927,1444221
-3,-3,1,242.34,95.866,93.05,1444222
1,0,1,116.284,207.922,149.841,1444223
-1,-4,-3,210.072,354.901,205.821,1444224
2,-2,-4,116.456,163.164,253.238,1444225
-1,-2,-1,253.19,326.552,136.943,1444226
-1,-4,2,20.241,70.072,165.185,1444227
-1,-1,-1,131.187,203.892,84.6,1444228
-3,1,-3,187.096,78.887,15.378,1444229
0,-3,-3,214.482,121.928,235.264,1444230
0,1,-4,5.159,130.672,280.308,1444231
-2,1,-2,157.877,188.02,31.664,1444232
-3,0,2,217.39,166.401,226.322,1444233
-4,-4,2,134.118,293.113,328.203,1444234
1,-4,1,70.236,155.885,29.472,1444235
-4,1,1,112.121,147.473,300.369,1444236
-4,2,-4,108.661,321.149,4.703,1444237
3,2,3,342.15,347.139,86.712,1444238
0,2,1,21.051,148.809,77.259,1444239
1,2,1,305.597,301.132,45.116,1444240
-4,-4,2,115.096,283.817,14.112,1444241
-1,3,-4,97.282,171.642,24.41,1444242
-2,-1,0,333.97,159.643,214.51,1444243
-2,-4,3,53.581,124.169,220.273,1444244
2,-3,-4,29.379,144.252,53.949,1444245
3,-2,0,226.843,28.147,335.117,1444246
1,-1,-3,275.78,217.166,240.87,1444247
-4,-2,-2,136.771,312.241,79.309,1444248
0,0,-2,35.007,77.307,179.892,1444249
-4,-1,0,92.484,1.87,66.891,1444250
-4,0,0,24.115,191.433,56.757,1444251
2,-2,-2,65.436,166.331,351.169,1444252
-2,0,-3,358.53,34.342,59.108,1444253
1,-2,3,308.426,23.736,289.518,1444254
1,-4,3,357.312,92.408,304.429,1444255
-2,3,-2,313.894,207.879,326.422,1444256
-1,0,2,9.7,278.492,7.146,1444257
2,-3,-3,101.481,120.65,302.376,1444258
0,-4,-2,76.535,39.102,352.32,1444259
-1,1,1,157.236,292.719,47.848,1444260
0,-1,-1,107.242,271.381,57.749,1444261
1,2,0,189.621,310.894,168.735,1444262
2,-2,-3,157.552,29.492,285.007,1444263
-2,-3,1,218.803,142.747,34.307,1444264
0,1,-2,292.169,183.082,63.18,1444265
2,1,2,16.36,220.644,6.893,1444266
0,2,-4,106.796,206.686,357.306,1444267
-1,0,2,27.312,98.246,357.722,1444268
-2,3,-1,184.921,339.213,240.685,1444269
0,3,1,153.687,212.874,294.113,1444270
0,-3,3,319.043,150.251,115.605,1444271
0,0,-3,240.775,0.851,65.475,1444272
1,1,-4,348.991,305.037,167.001,1444273
3,-3,2,39.545,171.853,308.892,1444274
3,-4,-1,16.017,255.503,343.58,1444275
-3,-3,-2,129.601,61.955,91.125,1444276
3,0,3,160.849,127.123,79.367,1444277
1,2,1,195.013,248.379,153.039,1444278
-1,1,2,175.211,329.706,183.321,1444279
-1,-3,-3,77.547,328.199,173.683,1444280
-2,-4,-2,208.46,98.407,290.637,1444281
3,-1,-4,122.582,320.461,5.935,1444282
-4,-2,-2,164.992,79.844,215.801,1444283
3,2,-1,41.074,153.396,174.142,1444284
-2,0,2,91.285,216.761,333.13,1444285
-3,-3,2,50.484,230.996,226.954,1444286
-4,3,2,79.633,52.976,275.926,1444287
-1,-3,-3,48.503,195.363,13.167,1444288
2,-4,2,67.206,351.009,166.238,1444289
3,-1,1,294.758,275.175,131.141,1444290
-1,0,-2,203.06,273.995,4.791,1444291
0,-4,-4,84.138,186.539,347.123,1444292
-4,-1,-3,125.091,66.959,294.79,1444293
-2,-2,-2,188.273,256.845,243.615,1444294
0,2,-3,94.339,283.078,309.988,1444295
-2,-1,1,131.259,276.313,320.038,1444296
-1,2,1,81.085,57.608,321.888,1444297
1,3,-1,191.431,179.183,4.098,1444298
2,1,2,348.393,19.187,344.521,1444299
3,1,2,90.236,358.896,9.261,1444300
-2,-4,3,81.783,351.47,181.243,1444301
1,0,-3,323.467,271.596,348.971,1444302
-3,-4,0,24.613,202.419,106.656,1444303
-2,-1,-3,153.093,35.84,109.285,1444304
1,3,0,88.864,332.363,322.613,1444305
3,3,-3,94.682,175.722,15.582,1444306
-2,-3,1,211.272,143.402,256.376,1444307
2,3,-1,71.036,203.465,299.674,1444308
-3,-4,-4,148.007,10.239,182.712,1444309
0,0,-4,268.873,288.486,43.832,1444310
2,-1,-4,197.832,293.499,193.268,1444311
0,-3,1,188.206,248.867,351.351,1444312
1,2,-4,317.773,328.227,89.277,1444313
3,2,2,213.788,297.843,307.752,1444314
-3,1,3,55.071,355.844,339.869,1444315
1,-2,3,154.874,222.593,20.733,1444316
3,2,-3,249.096,345.87,253.406,1444317
0,1,-4,232.464,309.238,106.695,1444318
3,3,-2,39.208,230.253,357.667,1444319
2,-4,-2,81.817,306.953,271.986,1444320
3,-2,1,62.913,191.999,310.461,1444321
-2,2,0,142.966,84.98,346.889,1444322
0,-1,3,211.68,227.549,280.268,1444323
-3,0,3,113.327,151.366,275.864,1444324
-2,-2,-1,36.181,51.156,330.602,1444325
-3,-4,3,27.924,229.444,125.798,1444326
1,3,3,9.003,355.431,317.937,1444327
-4,-4,-4,1.052,140.618,202.112,1444328
-4,-4,-1,29.885,199.585,24.477,1444329
3,-4,1,6.812,205.975,69.713,1444330
0,2,-1,314.576,256.204,177.684,1444331
2,0,2,21.358,13.1,147.745,1444332
-4,2,-4,276.762,267.388,206.655,1444333
0,-2,2,129.241,274.941,44.837,1444334
-3,-2,0,196.065,1.547,196.05,1444335
-4,0,2,204.759,99.871,269.974,1444336
-2,-1,2,241.318,278.556,230.523,1444337
3,0,-1,164.541,77.949,343.112,1444338
-3,-3,-4,329.158,133.71,73.692,1444339
-2,-1,-1,88.845,114.221,108.059,1444340
3,-4,-1,19.26,281.385,83.302,1444341
-4,1,2,67.014,114.325,79.197,1444342
0,2,0,213.171,180.727,316.978,1444343
0,2,-3,156.783,166.503,21.011,1444344
-2,-3,-4,69.269,347.966,62.161,1444345
2,-3,-4,37.859,265.087,287.765,1444346
-4,-3,0,182.341,255.33,4.863,1444347
-1,-2,0,90.61,85.549,16.588,1444348
1,-4,-1,219.771,216.73,187.557,1444349
-1,-2,2,346.878,42.822,40.201,1444350
-4,-4,-1,158.576,198.346,103.561,1444351
1,-1,-3,33.078,119.76,359.321,1444352
2,0,0,202.461,79.582,336.941,1444353
0,1,0,105.339,45.805,244.475,1444354
-2,-3,1,12.326,286.338,117.222,1444355
0,-4,-3,186.73,281.198,264.737,1444356
1,2,3,314.241,242.129,333.97,1444357
-1,-1,-4,263.993,356.074,9.416,1444358
-2,-2,2,237.623,11.436,325.792,1444359
2,1,-4,138.348,350.371,90.687,1444360
1,-2,-4,298.672,334.893,224.065,1444361
-3,-2,2,298.209,216.514,195.617,1444362
-4,-3,1,332.074,328.056,297.558,1444363
-4,3,3,1.816,146.056,145.231,1444364
-3,1,0,344.919,253.343,75.871,1444365
3,3,-1,154.736,311.091,64.914,1444366
-1,-3,-2,159.208,262.17,144.219,1444367
-3,3,3,92.431,310.821,7.431,1444368
2,-1,1,311.198,326.878,33.477,1444369
3,3,-1,186.487,196.768,135.117,1444370
-3,3,-1,138.268,219.202,237.659,1444371
1,-4,-1,99.598,133.44,279.819,1444372
2,2,0,185.227,334.484,32.829,1444373
0,0,1,237.062,358.465,256.505,1444374
3,-1,-1,160.092,104.259,184.854,1444375
2,-4,2,299.213,233.187,292.147,1444376
-1,-4,0,262.512,59.426,317.144,1444377
-1,3,-4,106.712,138.14,132.474,1444378
-3,2,-2,13.769,89.933,297.441,1444379
0,3,-3,288.517,69.239,203.916,1444380
-1,0,-3,165.597,154.823,190.066,1444381
-2,-1,2,274.414,340.358,229.616,1444382
-4,0,-1,154.506,32.993,2.79,1444383
-1,0,-1,141.054,336.597,45.984,1444384
3,3,-2,203.431,312.876,331.67,1444385
-2,-2,-1,27.532,211.86,85.9,1444386
-4,-2,-3,102.979,325.407,42.89,1444387
1,-3,1,49.053,57.739,133.3,1444388
-1,3,-4,216.075,283.924,333.647,1444389
2,3,-3,110.748,1.054,107.361,1444390
3,0,-2,315.673,198.95,6.942,1444391
3,0,0,37.343,70.846,132.256,1444392
1,3,-1,162.102,78.703,112.423,1444393
-3,3,0,19.357,153.307,249.986,1444394
-1,1,2,163.824,75.586,322.923,1444395
0,-3,-3,265.259,137.887,141.889,1444396
-3,0,-4,105.467,356.555,228.429,1444397
-2,2,2,330.813,8.795,316.15,1444398
-3,2,-2,89.601,323.022,237.772,1444399
-2,1,1,27.497,168.411,328.388,1444400
-2,2,1,177.071,117.834,165.584,1444401
2,2,2,113.125,276.174,284.471,1444402
-2,-3,-2,95.64,305.335,104.62,1444403
-3,-1,-2,83.714,307.073,187.176,1444404
-1,3,-3,252.317,335.716,136.706,1444405
2,1,0,60.144,85.13,354.159,1444406
-2,0,1,63.172,191.348,193.316,1444407
-4,1,-4,74.525,265.729,224.314,1444408
-2,-2,3,293.717,296.377,121.28,1444409
-3,-2,-4,196.37,3.354,354.903,1444410
3,-4,-2,135.226,261.797,62.124,1444411
1,-2,-2,212.113,215.095,158.64,1444412
2,-3,0,177.226,82.902,97.673,1444413
3,-2,-3,139.93,262.891,126.933,1444414
3,1,2,225.053,63.326,297.26,1444415
3,-1,0,276.918,146.805,1.631,1444416
0,-4,3,148.974,184.336,252.58,1444417
3,-1,3,75.354,23.633,268.939,1444418
-2,3,2,47.511,337.269,203.939,1444419
0,-2,-1,275.858,304.116,53.121,1444420
-3,0,-1,217.037,146.895,37.739,1444421
-3,0,2,30.193,32.425,201.111,1444422
-2,-3,1,355.42,89.834,253.901,1444423
1,2,1,317.571,141.743,228.796,1444424
-4,-1,-1,32.452,65.84,147.143,1444425
-4,2,2,66.391,26.255,156.272,1444426
-3,3,3,109.081,288.486,318.296,1444427
-3,0,2,161.09,202.086,350.358,1444428
-1,0,-1,1.464,190.043,325.124,1444429
2,-3,3,43.448,195.273,311.87,1444430
2,-1,0,204.562,321.27,189.191,1444431
-1,0,-1,73.849,324.44,323.03,1444432
-1,3,1,253.073,138.634,88.55,1444433
1,-3,0,212.714,100.598,73.509,1444434
2,-2,-1,84.3,92.981,105.956,1444435
-1,2,-4,153.64,174.499,30.748,1444436
-1,-1,-1,117.614,253.251,133.977,1444437
-4,2,2,22.15,241.456,126.713,1444438
0,-1,0,129.123,226.758,37.533,1444439
-2,-1,-2,357.547,74.2,220.996,1444440
-1,0,-4,262.796,29.789,117.207,1444441
3,3,0,192.75,11.274,131.57,1444442
2,-1,-1,164.708,124.397,225.106,1444443
-1,-4,0,84.196,206.531,236.955,1444444
-4,-4,3,239.579,266.014,308.568,1444445
-2,0,-1,173.951,122.528,283.147,1444446
3,1,3,104.139,300.595,312.266,1444447
-4,-3,-1,47.286,123.698,324.01,1444448
-3,-1,1,17.703,123.201,310.351,1444449
0,-2,-2,172.122,164.549,129.886,1444450
-1,-1,2,248.242,101.048,215.326,1444451
1,-3,-1,39.308,335.428,354.938,1444452
1,-4,-2,187.321,98.025,207.303,1444453
3,1,2,305.963,166.67,269.527,1444454
-1,3,-1,154.948,96.43,5.055,1444455
1,-1,-2,9.552,51.747,127.975,1444456
-4,-4,1,198.334,177.866,112.662,1444457
0,-1,-3,163.754,58.713,172.591,1444458
2,-2,-3,9.352,260.489,225.509,1444459
3,-3,-1,28.049,273.942,356.908,1444460
-4,3,3,204.352,308.527,73.971,1444461
-3,-3,-2,32.268,124.554,350.117,1444462
-3,0,-2,51.525,257.206,93.521,1444463
1,-2,-3,229.776,12.391,279.987,1444464
3,-1,-1,26.368,304.774,23.217,1444465
-2,-3,1,147.963,98.452,14.368,1444466
-3,1,2,107.745,275.566,313.071,1444467
-3,-3,1,102.981,273.665,121.908,1444468
-4,0,-1,1.236,107.332,217.414,1444469
0,1,-1,127.674,298.478,110.223,1444470
-4,-3,1,72.46,336.687,250.095,1444471
-3,-4,-3,211.904,14.722,154.589,1444472
0,1,1,180.242,309.736,341.825,1444473
-4,-4,0,359.447,248.667,72.854,1444474
-1,-1,-2,227.957,168.046,213.206,1444475
3,-2,-1,161.778,289.823,246.826,1444476
-4,0,3,347.07,346.782,343.997,1444477
-2,1,-4,215.606,269.624,288.7,1444478
3,-3,-4,339.282,119.943,87.695,1444479
-4,-4,1,23.302,158.317,156.98,1444480
-4,1,-3,177.494,201.236,35.053,1444481
0,-3,-3,9.898,55.014,135.685,1444482
-1,-3,-1,54.301,67.446,162.471,1444483
2,-3,-3,199.383,292.557,65.731,1444484
-3,0,-3,182.672,262.341,334.696,1444485
3,3,-3,49.869,233.415,17.785,1444486
-3,-3,3,2.361,46.048,305.782,1444487
-1,-2,-4,165.846,205.613,195.514,1444488
0,1,1,88.535,59.513,89.063,1444489
-4,1,2,119.619,31.546,136.366,1444490
-2,-1,-1,282.666,71.963,207.714,1444491
1,0,-3,253.964,103.345,225.689,1444492
0,-4,0,82.117,268.118,201.358,1444493
2,2,2,191.086,51.968,350.09,1444494
0,-1,-4,128.182,256.621,9.383,1444495
3,-4,-4,355.587,239.841,176.356,1444496
-3,0,3,21.052,149.812,63.489,1444497
3,-2,3,220.361,282.49,124.972,1444498
-3,1,0,113.161,266.526,160.137,1444499
-1,2,1,47.11,67.225,295.66,1444500
-4,3,2,47.025,268.654,282.266,1444501
-2,1,-4,296.164,56.638,270.272,1444502
1,1,-2,134.653,145.847,125.187,1444503
-2,3,0,221.564,230.291,171.44,1444504
3,0,0,54.739,156.505,221.094,1444505
-3,-1,-3,149.105,29.974,88.11,1444506
-3,3,-2,2.664,303.569,83.757,1444507
1,-3,-1,340.866,46.153,288.695,1444508
2,-3,-4,243.106,96.778,114.436,1444509
1,-2,1,131.585,128.919,195.159,1444510
-3,2,1,140.02,337.176,346.893,1444511
1,-1,2,308.106,325.725,358.527,1444512
-1,-4,3,141.911,232.213,144.518,1444513
3,-2,1,279.251,292.099,112.409,1444514
3,3,-1,288.217,343.131,107.427,1444515
2,2,2,100.031,118.707,141.044,1444516
2,3,2,207.966,283.158,88.405,1444517
-2,3,0,8.619,263.599,184.607,1444518
-2,-4,-3,312.167,284.7,45.238,1444519
-1,-2,1,67.895,91.311,57.688,1444520
2,2,-1,259.528,178.839,182.535,1444521
3,3,3,68.163,47.254,251.626,1444522
-4,0,0,134.238,337.694,330.819,1444523
1,-1,-2,45.774,280.949,293.389,1444524
2,-3,0,93.187,60.123,59.138,1444525
1,-4,-2,38.548,156.547,200.416,1444526
-4,-1,-4,277.48,185.224,351.804,1444527
1,3,1,22.454,119.413,191.663,1444528
3,3,1,56.32,46.036,60.512,1444529
1,0,-4,266.315,28.519,153.431,1444530
1,2,1,289.487,29.219,78.247,1444531
-1,2,-3,6.358,58.702,228.185,1444532
0,-1,2,132.847,292.031,50.876,1444533
-1,1,3,104.925,322.89,305.159,1444534
-2,-2,-1,152.78,86.274,135.324,1444535
-4,0,2,293.263,207.592,207.752,1444536
-1,-4,-3,151.153,328.981,106.176,1444537
1,3,-1,3.584,73.233,350.197,1444538
-2,0,0,185.306,238.863,90.339,1444539
-3,2,-4,329.902,58.841,157.902,1444540
0,-3,-2,103.465,150.637,266.221,1444541
1,-3,3,232.839,65.847,260.093,1444542
1,-2,2,306.3,227.38,113.207,1444543
0,-2,3,210.633,329.387,2.345,1444544
-3,3,1,126.422,326.975,192.495,1444545
3,-1,-3,346.708,230.459,234.347,1444546
-2,1,3,72.427,330.802,79.678,1444547
-2,0,-2,259.656,251.577,33.985,1444548
0,1,2,278.153,185.462,193.217,1444549
3,-2,3,245.833,7.215,51.089,1444550
-4,2,0,331.33,112.825,79.984,1444551
-3,-3,1,81.526,202.082,265.486,1444552
0,-1,3,226.806,48.799,288.416,1444553
-2,-3,3,89.673,148.96,267.956,1444554
-4,-2,-1,307.909,239.462,60.408,1444555
0,-3,0,359.358,191.392,44.388,1444556
-3,-1,-2,349.042,256.565,257.915,1444557
-3,1,-4,80.602,336.354,260.282,1444558
-1,-1,-1,327.751,331.704,328.147,1444559
-4,2,-4,318.116,138.441,340.578,1444560
-4,0,-4,64.924,101.882,354.713,1444561
3,-4,-3,108.587,179.381,287.769,1444562
-3,3,0,40.85,168.615,86.041,1444563
-2,2,-2,43.179,202.089,176.713,1444564
-2,2,1,341.359,319.839,357.054,1444565
1,-4,-1,347.747,17.159,343.579,1444566
1,-3,-1,263.936,45.03,183.158,1444567
1,-1,0,263.218,76.865,65.827,1444568
2,1,0,102.617,118.906,299.315,1444569
2,-1,-2,251.978,81.569,251.823,1444570
0,2,1,123.101,86.512,221.198,1444571
-2,1,-1,247.158,280.142,29.689,1444572
-2,-1,-1,5.181,176.08,325.388,1444573
-3,1,2,160.817,315.568,248.11,1444574
-4,0,0,246.409,231.762,205.76,1444575
-3,2,-2,129.846,55.945,349.316,1444576
1,-1,1,329.007,82.701,96.259,1444577
3,3,3,235.649,113.607,280.599,1444578
-3,0,-1,102.55,209.853,209.662,1444579
0,2,-4,318.681,289.443,116.593,1444580
1,-1,0,242.504,115.022,193.352,1444581
0,-4,1,115.613,356.893,132.234,1444582
0,3,0,92.136,158.764,327.194,1444583
2,3,0,335.937,242.103,153.9,1444584
3,1,-1,336.318,179.114,286.687,1444585
-4,-3,1,131.069,189.716,163.052,1444586
0,-3,3,194.353,269.555,264.403,1444587
2,1,0,55.971,307.005,333.745,1444588
1,1,-2,310.279,83.726,246.787,1444589
3,-4,-2,344.445,358.403,264.293,1444590
2,1,-2,251.052,18.9,259.312,1444591
2,-3,-2,355.457,92.674,209.884,1444592
-1,1,0,3.152,154.603,208.957,1444593
3,-4,-3,4.928,74.443,4.04,1444594
0,2,-1,230.794,133.892,136.44,1444595
-1,-2,3,14.384,124.884,49.327,1444596
-1,1,-3,5.328,138.53,100.755,1444597
-3,-3,2,79.4,354.133,283.942,1444598
-3,0,-3,75.819,298.692,341.098,1444599
3,-2,0,37.986,153.153,274.439,1444600
1,-4,1,183.674,332.423,210.006,1444601
-3,3,-2,59.19,310.16,101.207,1444602
3,-4,1,50.18,290.164,263.408,1444603
3,2,1,302.241,68.51,119.896,1444604
2,-3,-2,55.932,190.629,110.697,1444605
0,-1,1,216.853,104.721,63.41,1444606
-4,-1,-1,303.927,128.103,64.557,1444607
3,-4,2,7.579,339.742,96.477,1444608
1,3,1,148.836,142.657,154.218,1444609
-3,-2,3,114.576,240.479,18.905,1444610
-2,-1,1,263.813,197.704,145.106,1444611
2,3,-3,191.332,46.787,171.029,1444612
0,0,2,124.082,285.422,230.774,1444613
-2,-4,0,94.1,283.811,165.762,1444614
3,2,0,245.003,173.194,231.121,1444615
3,-1,0,115.288,328.125,290.292,1444616
-1,2,-3,194.359,264.238,228.94,1444617
-1,0,0,359.997,300.181,79.667,1444618
3,1,-4,257.378,148.86,8.736,1444619
-2,-1,-1,331.395,154.052,252.841,1444620
2,-2,0,30.021,68.743,258.609,1444621
2,-1,-2,160.022,355.834,147.074,1444622
3,0,-4,316.39,354.24,320.574,1444623
1,1,-4,168.771,356.475,56.105,1444624
0,1,-1,150.064,270.843,217.999,1444625
1,-3,3,259.978,63.982,118.186,1444626
-1,-2,1,290.128,234.493,177.584,1444627
3,3,0,340.177,251.744,266.154,1444628
0,-2,1,142.351,276.224,211.671,1444629
2,0,-2,21.491,23.814,262.955,1444630
-3,-1,-3,212.949,149.437,138.42,1444631
1,0,0,86.594,43.095,284.028,1444632
-4,1,2,111.039,309.813,90.332,1444633
-1,3,1,165.253,12.396,324.554,1444634
-3,3,0,257.552,23.607,192.354,1444635
1,0,1,45.263,126.969,72.287,1444636
3,1,3,65.881,227.077,234.257,1444637
-2,-1,-3,315.832,205.028,358.739,1444638
2,3,1,40.755,202.918,285.419,1444639
-3,0,-1,185.88,252.762,131.768,1444640
-4,-3,1,165.839,257.622,271.672,1444641
1,-1,2,186.298,232.867,157.94,1444642
0,-4,-1,356.746,53.414,234.664,1444643
2,2,-4,299.995,61.966,266.586,1444644
0,-3,2,232.489,18.876,109.434,1444645
-4,1,-2,27.45,75.499,201.148,1444646
-2,-4,-1,70.929,178.19,174.841,1444647
-1,2,3,342.853,108.466,239.17,1444648
3,-3,2,117.797,158.393,330.303,1444649
-1,-1,1,315.439,77.681,77.46,1444650
-3,-4,3,237.082,118.786,223.949,1444651
-2,-3,3,18.189,222.373,263.227,1444652
-1,-1,-3,134.155,33.784,149.035,1444653
-1,-4,-1,91.941,342.023,224.857,1444654
3,-1,0,40.487,199.914,42.523,1444655
-4,1,0,119.047,75.682,54.128,1444656
0,0,-4,16.533,167.664,321.635,1444657
-3,0,-2,294.399,106.21,101.381,1444658
-2,-4,3,316.304,303.814,352.596,1444659
3,0,1,156.95,240.635,63.456,1444660
-3,-4,-1,327.249,206.901,190.698,1444661
-4,2,1,271.599,228.324,173.939,1444662
2,2,-4,303.642,127.36,327.309,1444663
-2,-2,-4,164.385,186.873,192.274,1444664
3,-3,1,349.258,231.752,150.212,1444665
-2,2,2,108.454,75.019,162.936,1444666
-3,1,2,307.606,277.324,36.639,1444667
2,-3,-2,18.985,71.518,75.105,1444668
2,-2,3,201.239,99.207,72.938,1444669
-1,2,-3,305.881,194.931,222.048,1444670
-3,3,3,308.293,175.3,120.797,1444671
1,-3,1,8.145,348.08,300.414,1444672
-4,3,1,291.493,58.475,18.817,1444673
2,-3,-4,253.741,168.334,12.286,1444674
2,2,2,60.973,118.489,323.365,1444675
-2,1,0,48.448,223.149,79.749,1444676
-1,-4,3,114.625,99.609,175.515,1444677
-1,1,-2,200.333,195.843,17.407,1444678
2,1,1,348.8,322.552,157.1,1444679
3,1,-4,270.745,154.783,237.901,1444680
1,-3,1,288.674,277.946,201.252,1444681
-3,-1,3,273.152,248.441,122.597,1444682
3,-2,0,277.102,142.607,136.367,1444683
-3,0,-3,269.483,118.771,177.734,1444684
-2,-1,2,57.144,327.348,299.47,1444685
-3,1,1,179.671,267.893,271.443,1444686
1,2,-3,23.728,46.744,1.373,1444687
-2,3,-4,108.641,323.238,28.3,1444688
-2,0,-4,107.229,71.237,26.323,1444689
0,-2,-4,157.394,50.099,172.993,1444690
3,0,-2,151.705,167.51,23.669,1444691
3,-2,3,119.79,238.103,65.333,1444692
2,-1,-3,214.102,337.874,307.595,1444693
-3,2,0,41.045,315.224,25.528,1444694
0,1,-4,30.068,157.295,189.53,1444695
1,-2,-1,220.938,69.115,319.896,1444696
2,1,1,124.321,157.829,194.442,1444697
1,-4,-3,326.788,152.939,113.223,1444698
2,1,0,235.423,13.928,197.207,1444699
1,-2,-3,212.726,334.329,11.819,1444700
0,3,-2,125.464,321.799,156.976,1444701
2,-1,-1,174.927,26.952,352.207,1444702
2,0,-3,114.823,310.655,308.541,1444703
-1,-1,-4,337.679,206.688,55.993,1444704
-2,-4,-4,194.269,346.07,207.032,1444705
-4,-4,-2,154.506,244.048,308.901,1444706
2,3,-4,198.952,5.601,238.3,1444707
-3,-2,-3,201.804,100.108,353.859,1444708
2,-2,2,343.378,358.271,342.737,1444709
1,3,-4,291.696,118.687,357.077,1444710
1,0,1,120.843,245.675,330.738,1444711
0,-4,-4,282.495,148.576,245.94,1444712
0,0,-3,38.739,279.738,50.6,1444713
-3,-3,-1,276.76,177.94,245.575,1444714
-4,1,3,296.486,284.266,65.739,1444715
0,-1,0,234.721,62.962,279.939,1444716
-1,1,-2,309.685,266.973,246.675,1444717
2,-2,2,130.9,126.269,255.534,1444718
-1,-1,-3,130.068,173.443,221.41,1444719
-1,-3,-3,253.28,208.075,130.849,1444720
0,-1,2,252.632,204.019,82.048,1444721
-3,-2,2,194.933,10.347,290.003,1444722
-2,-2,2,237.192,66.572,204.056,1444723
3,2,-4,310.338,300.998,54.811,1444724
3,-2,3,67.986,273.507,228.061,1444725
1,3,2,83.65,72.536,183.483,1444726
-1,1,-1,186.437,119.05,295.907,1444727
-2,-4,2,90.915,35.833,161.398,1444728
-4,0,0,344.61,247.599,59.134,1444729
-3,2,-2,310.545,222.833,209.915,1444730
-2,2,3,241.743,127.385,143.064,1444731
1,2,0,138.236,28.079,319.15,1444732
-1,-4,-3,97.838,20.531,295.642,1444733
2,3,-4,278.052,164.751,190.465,1444734
0,0,-4,31.541,175.985,163.906,1444735
-1,-4,3,170.351,154.518,115.319,1444736
2,-2,1,198.736,234.37,343.29,1444737
-4,-1,-3,337.876,240.325,82.747,1444738
3,-1,0,249.189,155.603,155.848,1444739
-2,-3,-3,72.364,353.466,19.276,1444740
-3,-1,-1,96.908,156.94,326.146,1444741
1,-1,3,88.194,320.687,155.084,1444742
1,-2,3,4.246,7.049,95.526,1444743
1,1,-4,350.862,145.648,282.436,1444744
-4,-1,-1,1.494,100.058,304.517,1444745
-3,-3,-4,333.996,318.307,63.275,1444746
2,-1,2,62.039,24.033,2.503,1444747
3,-3,2,120.029,254.466,64.729,1444748
1,3,1,299.656,332.537,0.815,1444749
-2,-3,-4,35.544,119.035,70.592,1444750
-3,0,-2,190.035,74.189,156.889,1444751
3,2,-2,64.434,173.398,355.508,1444752
-2,3,-1,248.737,161.055,327.67,1444753
3,-4,0,244.23,126.667,95.584,1444754
1,0,0,139.89,340.488,347.176,1444755
3,0,-2,268.942,254.452,0.379,1444756
-4,-1,-2,333.288,238.742,212.434,1444757
1,-3,-4,63.246,242.299,21.439,1444758
2,0,-2,92.85,56.936,154.883,1444759
-3,1,3,212.695,269.309,224.053,1444760
-2,-4,-2,15.223,42.355,295.388,1444761
1,1,3,216.435,113.345,261.365,1444762
-1,-2,0,255.588,170.874,182.373,1444763
1,-3,-3,82.434,30.424,301.211,1444764
2,0,-1,260.199,22.886,67.752,1444765
-2,-2,-3,64.457,313.447,28.995,1444766
0,1,-1,102.041,132.532,269.215,1444767
2,0,-3,317.324,130.922,19.914,1444768
-4,-3,0,11.821,333.401,334.927,1444769
0,1,-1,152.792,176.434,238.92,1444770
-3,3,3,169.85,84.981,316.914,1444771
0,-1,2,36.569,351.458,311.758,1444772
-3,3,-1,260.065,9.351,266.088,1444773
-3,0,2,245.257,72.471,204.8,1444774
-4,-1,-1,166.222,163.86,21.092,1444775
-2,-3,0,331.46,168.008,223.988,1444776
-4,2,0,283.087,286.299,154.182,1444777
-3,-4,-2,106.812,325.649,130.054,1444778
-1,2,0,98.476,169.774,242.257,1444779
2,2,2,219.882,0.637,101.816,1444780
3,2,3,289.426,335.559,248.241,1444781
0,3,3,139.553,91.03,306.287,1444782
-2,0,-2,57.909,169.512,227.148,1444783
-2,-4,3,33.214,163.702,121.683,1444784
3,-4,3,45.663,54.012,94.985,1444785
0,1,-3,288.281,135.976,156.637,1444786
-4,1,2,318.861,38.337,62.491,1444787
-2,-4,-3,320.982,230.223,56.688,1444788
2,-1,3,224.609,276.993,72.298,1444789
-3,2,-4,125.879,17.378,321.249,1444790
-3,-1,2,29.466,353.103,43.501,1444791
2,2,0,221.922,273.901,4.428,1444792
-4,-1,-2,261.721,280.236,64.278,1444793
0,1,-2,219.188,112.467,265.755,1444794
2,1,1,204.801,37.058,31.981,1444795
-1,-1,0,105.097,192.171,242.861,1444796
-2,1,0,5.001,30.491,130.436,1444797
1,-4,-4,7.53,140.522,147.671,1444798
0,-3,3,336.54,103.243,233.362,1444799
-4,-4,0,222.652,323.225,352.332,1444800
-1,2,-2,300.177,120.607,127.787,1444801
-2,2,0,93.875,169.82,34.634,1444802
3,1,0,83.093,311.342,358.756,1444803
3,3,0,159.353,241.736,185.68,1444804
-4,0,3,341.089,14.7,19.354,1444805
2,-4,-4,121.759,107.2,109.437,1444806
1,-1,-2,44.367,170.673,197.101,1444807
-2,3,-1,275.601,129.12,86.703,1444808
3,-3,1,78.7,90.835,121.774,1444809
0,-4,0,306.968,88.993,54.149,1444810
3,1,3,225.242,204.525,65.822,1444811
-2,3,-2,93.333,143.248,118.552,1444812
1,-4,2,62.263,306.202,81.799,1444813
2,2,3,123.059,358.297,306.23,1444814
2,2,2,171.94,37.11,21.364,1444815
-4,2,1,169.794,5.09,138.006,1444816
-2,-4,0,343.699,280.974,163.439,1444817
-4,2,0,227.543,30.57,105.06,1444818
0,3,-4,326.807,236.488,90.542,1444819
-2,2,-1,237.417,339.792,194.767,1444820
-3,-2,-4,226.812,350.299,119.557,1444821
1,3,-2,314.717,37.208,151.007,1444822
-3,3,-2,170.578,28.435,301.606,1444823
2,0,-2,340.102,19.306,156.671,1444824
3,3,2,193.081,252.813,284.909,1444825
-2,2,-3,357.455,297.353,159.485,1444826
3,1,0,261.851,0.641,104.293,1444827
-4,0,-4,83.444,240.275,305.112,1444828
0,-4,3,197.8,171.15,348.019,1444829
-4,3,-3,140.948,37.315,154.206,1444830
2,-4,-2,264.941,284.174,135.303,1444831
0,-3,-4,202.3,93.135,168.714,1444832
0,0,-3,210.687,38.296,79.811,1444833
-4,-4,3,297.358,317.238,256.576,1444834
1,1,2,113.209,242.297,6.021,1444835
-1,0,3,65.602,322.577,212.142,1444836
-2,-3,-2,124.353,278.436,295.672,1444837
2,1,0,200.263,183.711,327.562,1444838
-2,-3,-3,197.851,342.582,105.225,1444839
0,-3,3,25.063,195.758,323.133,1444840
-2,-4,-1,181.369,165.12,187.649,1444841
-3,-3,-1,159.882,15.262,146.235,1444842
-3,-1,1,237.285,227.293,301.481,1444843
0,3,-2,315.153,38.537,176.925,1444844
1,3,0,56.75,230.17,127.16,1444845
-1,-3,2,236.465,249.136,51.619,1444846
0,-3,1,342.993,315.186,66.511,1444847
0,2,-1,321.17,280.936,205.22,1444848
2,-1,-2,329.848,24.728,309.414,1444849
3,1,-1,88.848,102.794,221.268,1444850
-3,0,-2,249.923,135.837,311.866,1444851
1,-2,-1,170.94,317.27,33.681,1444852
-2,3,1,252.632,162.301,239.473,1444853
-1,-2,1,90.201,50.111,327.837,1444854
-3,-1,-4,88.239,214.261,303.239,1444855
0,3,-3,283.791,26.815,239.914,1444856
0,3,-4,69.374,347.327,250.441,1444857
-4,-2,2,292.96,194.479,92.539,1444858
3,-2,-4,136.347,105.077,342.543,1444859
1,2,-2,204.683,247.18,299.526,1444860
1,-2,-2,238.936,137.66,277.886,1444861
3,0,-3,12.666,213.371,117.77,1444862
-3,-1,2,156.232,139.495,229.444,1444863
0,-3,0,217.382,58.459,63.227,1444864
0,-3,-3,335.33,116.267,308.815,1444865
-4,0,2,308.372,280.743,242.518,1444866
-4,0,3,9.167,79.642,289.631,1444867
-2,-4,-3,77.988,182.767,108.59,1444868
-3,-3,-1,79.012,30.475,191.631,1444869
2,0,-2,121.018,179.001,299.32,1444870
0,-2,-4,305.303,61.256,328.564,1444871
-2,-4,-1,177.595,226.359,44.508,1444872
1,-3,2,347.561,123.833,252.943,1444873
1,-4,2,58.62,359.999,207.267,1444874
-2,3,2,109.95,73.545,241.054,1444875
1,-1,3,45.952,136.188,17.106,1444876
-4,2,-3,269.12,286.001,141.154,1444877
0,-4,-1,183.904,47.586,209.797,1444878
0,-1,1,3.707,34.171,274.053,1444879
2,-3,-4,36.781,315.469,25.782,1444880
2,-2,0,160.378,293.424,289.062,1444881
2,3,-1,50.738,22.303,332.996,1444882
3,3,-1,201.215,283.544,339.676,1444883
-4,-4,2,257.353,41.117,86.939,1444884
0,2,1,36.353,164.748,138.153,1444885
-2,-3,-3,276.785,209.578,128.327,1444886
-2,-3,0,47.401,222.413,240.754,1444887
-4,2,1,161.879,24.205,226.344,1444888
-4,-4,-1,131.889,283.518,351.863,1444889
1,-4,-1,168.688,247.297,29.243,1444890
3,-3,0,172.611,22.517,357.31,1444891
0,3,3,150.126,71.788,21.145,1444892
1,-3,3,294.933,39.433,151.406,1444893
2,0,0,291.535,97.853,198.045,1444894
-4,3,-1,27.987,317.258,181.863,1444895
1,2,-4,252.308,322.536,65.007,1444896
2,-4,-4,16.603,230.979,64.972,1444897
0,2,0,286.325,67.625,157.936,1444898
0,3,3,101.327,44.448,130.123,1444899
-2,0,0,274.686,133.325,243.659,1444900
2,0,-4,203.714,183.407,318.624,1444901
2,-4,3,136.555,17.211,53.035,1444902
-3,3,-4,338.863,246.369,105.55,1444903
3,-3,2,58.929,132.729,311.625,1444904
0,-1,2,253.127,58.588,169.506,1444905
2,2,1,35.82,260.134,355.235,1444906
2,1,-4,324.028,166.904,127.24,1444907
-4,-4,3,71.403,154.943,190.601,1444908
-1,-1,-1,42.993,247.977,64.412,1444909
1,-1,0,44.51,174.269,288.958,1444910
0,-2,1,306.312,328.507,2.392,1444911
-1,-3,2,292.994,194.917,137.119,1444912
-4,1,-1,112.519,227.24,145.523,1444913
-3,1,1,191.53,41.369,284.837,1444914
0,2,-3,200.867,215.473,329.163,1444915
2,-1,1,302.514,121.435,24.075,1444916
3,2,-2,146.733,53.261,306.668,1444917
-4,0,-1,220.455,100.356,228.527,1444918
1,1,2,225.491,49.08,347.0,1444919
-4,2,-1,28.893,245.863,313.39,1444920
-1,-1,-2,111.512,167.727,307.103,1444921
3,-3,3,48.938,222.098,67.476,1444922
3,2,0,351.926,76.0,36.27,1444923
0,2,-1,123.477,111.364,271.652,1444924
1,3,3,210.779,198.44,72.448,1444925
-2,-2,-4,174.357,181.839,216.216,1444926
-4,3,0,277.585,269.393,148.984,1444927
-1,-4,-1,63.903,204.695,117.249,1444928
-3,0,0,199.493,6.084,54.069,1444929
-2,0,0,78.563,359.701,94.442,1444930
0,1,2,125.568,51.832,47.272,1444931
-1,1,3,251.903,312.059,199.238,1444932
1,3,-2,12.58,236.261,318.645,1444933
3,2,-4,138.083,44.759,170.97,1444934
-1,-3,0,317.765,228.082,274.342,1444935
1,0,1,352.207,107.029,124.804,1444936
-4,-2,0,264.077,203.008,112.428,1444937
3,-4,-1,350.942,54.6,172.881,1444938
-4,3,-4,235.791,148.772,136.951,1444939
-2,1,-4,65.863,115.148,191.244,1444940
-2,3,3,124.983,224.083,252.818,1444941
-2,-1,3,343.174,193.991,42.59,1444942
1,3,-2,358.565,163.182,218.797,1444943
1,-4,3,336.044,135.412,251.41,1444944
0,-4,1,57.146,299.193,310.69,1444945
1,-3,2,258.05,282.853,114.348,1444946
-3,-1,-1,341.199,270.76,357.684,1444947
0,-1,2,224.741,95.062,232.89,1444948
2,3,1,25.854,124.818,247.046,1444949
-3,-1,3,195.376,304.677,203.356,1444950
-1,1,3,346.398,315.246,286.592,1444951
1,-3,1,180.205,337.975,84.242,1444952
-2,3,1,166.015,256.5,108.63,1444953
-1,0,0,179.968,286.444,4.729,1444954
0,2,3,265.272,171.016,7.229,1444955
-3,0,3,23.091,145.884,213.049,1444956
0,2,0,139.416,117.059,298.816,1444957
1,1,-3,223.879,197.169,329.536,1444958
-3,-1,-1,34.406,97.709,306.27,1444959
-3,1,-4,118.427,86.35,342.54,1444960
-1,2,-4,247.582,221.138,153.78,1444961
0,0,-2,128.829,24.194,329.823,1444962
0,-1,0,117.11,215.357,119.46,1444963
-1,-4,-1,153.373,182.108,0.74,1444964
1,-3,-2,136.481,238.829,218.929,1444965
1,-2,-3,331.695,298.241,355.537,1444966
-4,3,3,17.592,315.305,37.224,1444967
-4,0,3,103.94,124.806,292.962,1444968
0,-3,-1,167.456,257.002,267.335,1444969
-1,3,-2,215.869,294.923,253.731,1444970
2,-4,2,34.499,168.868,244.076,1444971
3,-2,2,181.793,94.96,37.42,1444972
-3,2,-2,109.885,74.58,13.676,1444973
-1,2,3,194.782,119.754,271.659,1444974
1,0,-4,6.223,57.635,18.878,1444975
1,-3,1,171.449,162.356,354.649,1444976
-3,-2,2,281.165,0.925,241.575,1444977
-3,3,2,168.015,201.77,309.537,1444978
2,3,-4,158.321,16.774,295.942,1444979
-2,2,3,238.975,348.514,199.596,1444980
0,1,-1,90.611,102.124,105.146,1444981
-1,0,3,52.593,140.005,82.457,1444982
-2,-2,-3,16.75,98.29,139.232,1444983
3,2,2,27.908,23.549,198.469,1444984
2,1,1,210.751,209.471,225.963,1444985
-1,0,-1,92.748,168.674,106.172,1444986
-1,-1,-3,329.138,241.35,204.049,1444987
-2,1,-2,158.728,264.549,201.917,1444988
-3,-3,-3,99.72,339.01,94.094,1444989
-1,-4,1,99.177,295.109,18.053,1444990
1,2,-3,26.647,314.092,200.524,1444991
-2,-1,-2,85.366,211.499,301.926,1444992
0,1,0,286.402,152.716,49.155,1444993
-1,-4,-1,82.273,24.755,329.009,1444994
3,1,-4,24.419,179.41,259.391,1444995
-2,-1,2,180.519,26.137,172.682,1444996
-3,-1,0,230.823,181.003,256.694,1444997
-1,2,0,189.496,208.036,268.183,1444998
-1,-4,3,172.91,307.045,263.943,1444999
